File_ID,RawTime,IMotor,Kafa_Act_Trq,X_Accelerometer,Y_Accelerometer,Z_Accelerometer
cutting_D,1771290843705992073,"27,2461491",-1.8,"48,228569","44,5428581","47,774601"
cutting_D,1771290843805993510,"27,1538506",-2.1,"48,2666702","44,5079384","47,6761894"
cutting_D,1771290843905994703,"27,2461491",-2.3,"48,3365097","44,5174599","47,6190491"
cutting_D,1771290844005995153,"27,2461491",-2.7,"48,8634911","44,1238098","47,8444405"
cutting_D,1771290844105995964,"27,2461491",-2.3,"48,5904808","44,6539688","47,4127007"
cutting_D,1771290844205997113,"27,2461491",-2.6,"48,5492096","44,60952","47,2634888"
cutting_D,1771290844305998662,"27,2461491",-2.2,"48,0888901","44,5650787","47,5777817"
cutting_D,1771290844405999541,"27,2461491",-2.1,"48,1714287","43,8952408","47,3968315"
cutting_D,1771290844505999544,"27,0769196",-2.4,"48,228569","44,4253998","47,4127007"
cutting_D,1771290844606000457,"27,1538506",-2.6,"48,2317505","44,6412697","47,1777802"
cutting_D,1771290844706001325,"27,1538506",-2.6,"48,2571411","44,4444504","47,30476"
cutting_D,1771290844806002462,"27,3384609",-2.3,"48,1904793","44,4825401","47,8158684"
cutting_D,1771290844906003798,"27,1538506",-2.1,"48,2793694","44,5936508","48,0317497"
cutting_D,1771290845006003979,"27,1538506",-2.4,"48,1555595","44,5142899","47,4825401"
cutting_D,1771290845106005831,"27,1538506",-2.1,"48,0952415","44,4507904","47,4412689"
cutting_D,1771290845206006075,"27,1538506",-2.5,"48,2730217","44,6730194","47,7047615"
cutting_D,1771290845306007420,"27,1538506",-2.4,"48,2793694","44,6317482","47,6888885"
cutting_D,1771290845406008250,"27,1538506",-2.3,"48,1904793","44,4444504","47,4412689"
cutting_D,1771290845506009214,"27,1538506",-2.5,"48,0063515","44,3714294","47,469841"
cutting_D,1771290845606010287,"27,2461491",-2.1,"48,30159","44,6158791","47,3936501"
cutting_D,1771290845706011440,"27,2461491",-2.3,"48,6857109","44,5428581","47,6158791"
cutting_D,1771290845806011831,"27,3384609",-2.3,"48,3174591","44,4031792","47,6920586"
cutting_D,1771290845906012790,"27,1538506",-2.3,"48,2349205","44,473011","47,4984093"
cutting_D,1771290846006013811,"27,1538506",-2.5,"48,165081","44,5174599","47,6317482"
cutting_D,1771290846106015123,"27,0769196",-2.0,"48,1523819","44,526989","47,526989"
cutting_D,1771290846206015767,"27,1538506",-2.1,"48,0634918","44,4507904","47,5555611"
cutting_D,1771290846306016367,"27,1538506",-2.3,"47,9714317","44,771431","47,6634903"
cutting_D,1771290846406018787,"26,9846191",-2.5,"48,0857201","44,6571388","47,6634903"
cutting_D,1771290846506018110,"27,0769196",-3.2,"48,1047592","44,6507912","47,6317482"
cutting_D,1771290846606019373,"27,1538506",-2.4,"48,4158707","44,6031799","47,6698418"
cutting_D,1771290846706017579,"27,2461491",-2.1,"48,1142807","44,3460312","47,473011"
cutting_D,1771290846806021246,"27,1538506",-2.1,"48,0095291","44,3714294","47,6031799"
cutting_D,1771290846906022349,"27,1538506",-2.4,"48,2539711","44,4253998","47,4920692"
cutting_D,1771290847006023269,"27,0769196",-3.0,"48,2730217","44,6031799","47,4984093"
cutting_D,1771290847106024029,"27,0769196",-2.6,"48,2444496","44,5809517","47,7396889"
cutting_D,1771290847206024876,"27,0769196",-2.0,"48,079361","44,4444504","47,4920692"
cutting_D,1771290847306025730,"27,1538506",-2.2,"47,9936485","44,39048","47,5777817"
cutting_D,1771290847406026611,"26,9846191",-2.1,"48,0666695","44,3968315","47,533329"
cutting_D,1771290847506027308,"27,1538506",-3.1,"48,161911","44,4825401","47,5492096"
cutting_D,1771290847606028542,"27,0769196",-2.5,"48,3174591","44,6349182","47,8984108"
cutting_D,1771290847706029948,"27,0769196",-2.2,"48,2095299","44,5428581","47,7999992"
cutting_D,1771290847806030676,"27,0769196",-2.3,"48,0857201","44,4031792","47,6285706"
cutting_D,1771290847906031344,"27,0769196",-2.2,"48,0666695","44,3523788","47,3396797"
cutting_D,1771290848006031917,"27,1538506",-2.5,"48,1142807","44,0317497","46,920639"
cutting_D,1771290848106032956,"27,5230808",-2.5,"48,1904793","44,5841293","47,0666695"
cutting_D,1771290848206035132,"27,6923103",-2.7,"48,4984093","44,1238098","47,4095192"
cutting_D,1771290848306035453,"27,6000004",-2.7,"47,8952408","45,2793694","48,5238113"
cutting_D,1771290848406035711,"27,8769207",-2.3,"48,079361","44,5746002","47,2920609"
cutting_D,1771290848506036666,"28,1384602",-2.5,"48,2222214","44,4222183","47,7174606"
cutting_D,1771290848606037528,"28,2307701",-2.8,"47,9460297","44,4539719","47,6349182"
cutting_D,1771290848706038390,"28,1384602",-2.8,"48,30159","44,4222183","47,2984085"
cutting_D,1771290848806039795,"28,4153805",-3.2,"48,3492088","44,6698418","48,5015907"
cutting_D,1771290848906040359,"28,4923096",-2.5,"47,8952408","44,473011","47,6634903"
cutting_D,1771290849006041381,"28,6769199",-2.5,"47,9904785","44,2380905","46,8666687"
cutting_D,1771290849106038466,"28,8615398",-2.8,"48,2571411","44,4127007","47,2825394"
cutting_D,1771290849206043821,"28,7692299",-2.7,"48,1587296","44,5650787","47,9269791"
cutting_D,1771290849306043758,"28,8615398",-3.0,"48,1460304","44,831749","47,5682602"
cutting_D,1771290849406045295,"29,0307693",-3.1,"48,2888908","44,2063484","47,7650795"
cutting_D,1771290849506045619,"28,9538498",-3.0,"47,9746094","44,3174591","47,3682594"
cutting_D,1771290849606046987,"29,0307693",-2.9,"48,0920601","44,4825401","47,5746002"
cutting_D,1771290849706047489,"29,1230793",-2.6,"48,1301613","44,4952393","47,9333305"
cutting_D,1771290849806048589,"29,3999996",-3.0,"48,0730209","44,5523796","47,3777809"
cutting_D,1771290849906049820,"29,5692291",-3.4,"48,7269897","44,0381012","47,3682594"
cutting_D,1771290850006050719,"29,8461494",-3.6,"48,4444504","44,8984108","47,860321"
cutting_D,1771290850106051210,"29,6615391",-2.7,"47,69841","44,3238106","47,3333397"
cutting_D,1771290850206053323,"29,5692291",-2.7,"48,1555595","44,5968208","48,8254013"
cutting_D,1771290850306053718,"29,7538509",-2.8,"48,00317","44,0920601","47,4539719"
cutting_D,1771290850406054387,"29,8461494",-3.3,"48,4507904","44,30476","48,0666695"
cutting_D,1771290850506055353,"29,7538509",-3.7,"48,2888908","44,4349213","48,0444489"
cutting_D,1771290850606056172,"29,9230804",-3.2,"47,7968292","44,8571396","47,5904808"
cutting_D,1771290850706057409,"29,9230804",-2.8,"47,9142914","44,4793701","48,0253983"
cutting_D,1771290850806058449,"30,1076908",-2.8,"47,9492111","44,7587318","47,6063499"
cutting_D,1771290850906058485,"30,3692303",-2.9,"48,2380905","43,9873009","47,0857201"
cutting_D,1771290851006060098,"30,4615402",-3.7,"48,2000008","44,7841301","47,7206306"
cutting_D,1771290851106060714,"30,4615402",-3.3,"48,0920601","44,6888885","47,6127014"
cutting_D,1771290851206061634,"30,4615402",-2.9,"48,2952385","44,4952393","47,0285683"
cutting_D,1771290851306063176,"30,6461506",-3.0,"47,920639","44,5904808","47,7460289"
cutting_D,1771290851406063728,"30,5538502",-3.0,"48,0539703","44,1142807","47,2000008"
cutting_D,1771290851506064190,"30,5538502",-3.5,"48,0730209","44,530159","47,6476212"
cutting_D,1771290851606065403,"30,3692303",-3.6,"48,2095299","44,3238106","47,5365105"
cutting_D,1771290851706066507,"30,7384605",-3.2,"48,1047592","44,3460312","47,30159"
cutting_D,1771290851806068906,"30,8153801",-3.2,"48,1047592","44,3872986","47,466671"
cutting_D,1771290851906068449,31,-3.3,"48,228569","44,7841301","47,5777817"
cutting_D,1771290852006068864,31,-3.0,"48,4158707","44,4285698","47,4190483"
cutting_D,1771290852106070106,"31,4461498",-3.1,"48,3238106","44,4825401","47,3428612"
cutting_D,1771290852206071172,"31,4461498",-3.3,"48,0698395","44,1809502","47,168251"
cutting_D,1771290852306073745,"31,5384598",-3.3,"48,3619003","44,6158791","47,7555618"
cutting_D,1771290852406073254,"31,4461498",-3.6,"48,3841286","44,6666718","47,7841301"
cutting_D,1771290852506073701,"31,3538494",-3.1,"47,7587318","44,0253983","47,1714287"
cutting_D,1771290852606074701,"31,3538494",-2.9,"48,139679","44,60952",47
cutting_D,1771290852706075577,"31,2769203",-3.3,"47,9238091","44,30159","47,5047607"
cutting_D,1771290852806077807,"31,3538494",-3.4,"48,0730209","44,5523796","47,3492088"
cutting_D,1771290852906077312,"31,4461498",-4.0,"48,2158699","44,8095207","48,2793694"
cutting_D,1771290853006078533,"31,6307697",-2.9,"47,8539696","44,4444504","47,3365097"
cutting_D,1771290853106079522,"31,8923092",-3.1,"48,2666702","43,99683","46,9365082"
cutting_D,1771290853206080255,"32,338459",-3.3,"48,0317497","44,6380997","47,7587318"
cutting_D,1771290853306083584,"32,0769196",-3.1,"48,228569","44,5841293","47,7904816"
cutting_D,1771290853406081749,"32,0769196",-4.0,"48,3745995","44,6063499","47,7492104"
cutting_D,1771290853506079013,"31,8923092",-3.6,"48,0285683","44,7174606","47,7238083"
cutting_D,1771290853606083558,"32,0769196",-3.1,"48,0381012","44,1809502","47,139679"
cutting_D,1771290853706084973,"31,8923092",-3.3,"48,161911","44,7682495","47,6857109"
cutting_D,1771290853806087380,"31,8923092",-2.9,"47,9587288","44,3238106","47,5904808"
cutting_D,1771290853906087194,"31,9846191",-4.2,"48,2888908","44,5142899","47,7238083"
cutting_D,1771290854006087623,"32,1692314",-3.7,"47,9238091","44,774601","47,2793694"
cutting_D,1771290854106088771,"32,5230789",-3.4,"48,4476204","44,2380905","47,6603203"
cutting_D,1771290854206089746,"32,7846107",-3.4,"48,0539703","44,473011","47,6857109"
cutting_D,1771290854306092879,"32,7846107",-2.9,"48,1745987","44,1206398","47,5587311"
cutting_D,1771290854406091453,"32,6923103",-4.2,"48,2730217","44,3650818","47,6571388"
cutting_D,1771290854506092040,"32,6153793",-3.9,"48,1269798","45,0603218","47,8793602"
cutting_D,1771290854606092843,"32,6153793",-3.4,"48,4634895","44,3111115","47,5682602"
cutting_D,1771290854706093873,"32,6153793",-3.5,"48,1079407","44,3238106","47,526989"
cutting_D,1771290854806097660,"32,338459",-3.0,"48,0095291","44,1714287","47,1428604"
cutting_D,1771290854906096279,"32,5230789",-3.7,"48,1365089","44,2888908","47,5968208"
cutting_D,1771290855006096673,"32,7846107",-3.9,"48,1269798","45,0920601","47,7682495"
cutting_D,1771290855106097727,"32,8769188",-3.4,"48,0666695","44,69524","47,7333298"
cutting_D,1771290855206099049,"33,0615387",-3.8,"48,5714302","44,5015907","47,6698418"
cutting_D,1771290855306103609,"33,3230782",-3.1,"47,9460297","43,9492111","47,5079384"
cutting_D,1771290855406100957,"33,0615387",-3.7,"48,4793701","44,6634903","47,6412697"
cutting_D,1771290855506101291,"33,2307701",-3.4,"47,8571396","45,1968307","47,5047607"
cutting_D,1771290855606102064,"33,1384583",-3.3,"48,1460304",45,"47,7238083"
cutting_D,1771290855706103796,"33,1384583",-3.6,"48,2317505","44,0698395","47,7904816"
cutting_D,1771290855806108017,"32,7846107",-3.4,"48,2444496","44,0539703","47,3650818"
cutting_D,1771290855906105764,"32,8769188",-3.5,"48,0158691","44,5872993","48,4158707"
cutting_D,1771290856006106142,"32,8769188",-3.6,"48,0476189","44,6730194","47,4000015"
cutting_D,1771290856106106883,"33,0615387",-3.0,"48,2222214","44,2666702","47,2571411"
cutting_D,1771290856206108071,"33,1384583",-3.5,"48,2000008","44,1555595","47,3079414"
cutting_D,1771290856306110870,"33,41539",-3.8,"48,2095299","44,4920692","47,4412689"
cutting_D,1771290856406109867,"33,6769218",-3.9,"48,3365097","44,7555618","47,7809486"
cutting_D,1771290856506110830,"33,6769218",-3.6,"48,0539703","44,6793709","47,3460312"
cutting_D,1771290856606111737,"33,6769218",-3.0,"48,0158691","44,3714294","47,1904793"
cutting_D,1771290856706114508,"33,5076904",-3.2,"48,3428612","44,530159","47,5523796"
cutting_D,1771290856806114802,"33,41539",-3.8,"48,3777809","44,5587311","47,6222191"
cutting_D,1771290856906114639,"33,41539",-4.0,"48,1841316","44,3682594","47,5936508"
cutting_D,1771290857006115537,"33,3230782",-4.1,"48,1238098","44,4063492","47,5206299"
cutting_D,1771290857106116072,"33,41539",-3.3,"48,0888901","44,3396797","47,6634903"
cutting_D,1771290857206117218,"33,6769218",-3.3,"48,1015892","44,6222191","47,1904793"
cutting_D,1771290857306120845,"33,7692299",-3.7,"48,165081","44,1873016","47,4825401"
cutting_D,1771290857406119384,"34,3076897",-4.2,"48,2952385","44,4476204","47,30476"
cutting_D,1771290857506119874,"34,4923096",-4.2,"48,2380905","44,5555611","47,5396805"
cutting_D,1771290857606120881,"34,4000015",-3.7,"48,2476196","44,5777817","47,7650795"
cutting_D,1771290857706122150,"34,2153893",-3.3,"47,9523811","44,8507996","47,3365097"
cutting_D,1771290857806126304,"34,2153893",-3.5,"48,2349205","44,3111115","47,8063507"
cutting_D,1771290857906123238,"33,9538498",-3.9,"48,2761917","44,466671","47,7682495"
cutting_D,1771290858006124912,"33,7692299",-4.1,"48,1555595","44,5047607","47,4000015"
cutting_D,1771290858106126223,"33,7692299",-3.7,"48,3111115","44,7206306","47,7365112"
cutting_D,1771290858206126234,"33,8615417",-3.3,"47,9904785","44,7428589","47,4634895"
cutting_D,1771290858306129784,"34,1230812",-3.4,"48,2095299","44,4539719","47,2888908"
cutting_D,1771290858406128306,"34,3076897",-3.5,"48,0952415","44,1460304","46,9809494"
cutting_D,1771290858506128924,"34,753849",-4.0,"50,1904793","44,5111084","47,6158791"
cutting_D,1771290858606130031,"34,5692291",-3.9,"48,2603188","44,6254005","47,9809494"
cutting_D,1771290858706130943,"34,4923096",-3.5,"48,30159","44,7523804","47,5174599"
cutting_D,1771290858806132390,"34,4923096",-3.6,"48,0857201","43,8412704","47,228569"
cutting_D,1771290858906133072,"34,4923096",-3.5,"48,0952415","44,3650818","47,2380905"
cutting_D,1771290859006133946,"34,2153893",-3.5,"47,9746094","44,5079384","46,9015884"
cutting_D,1771290859106134773,"34,2153893",-3.9,"48,1809502","45,0507889","48,2634888"
cutting_D,1771290859206137043,"34,1230812",-3.6,"48,1238098","44,6380997","47,5650787"
cutting_D,1771290859306136907,"34,4923096",-3.7,"48,3492088","44,2222214","47,6730194"
cutting_D,1771290859406137568,"34,5692291",-3.7,"48,0317497","44,5841293","47,1714287"
cutting_D,1771290859506137836,"35,0153809",-3.8,"48,0476189","44,6444397","47,5174599"
cutting_D,1771290859606140531,"35,1076889",-3.7,"48,2380905","44,7873001","47,8857193"
cutting_D,1771290859706140442,"35,2000008",-3.4,"48,079361","44,6222191","47,1714287"
cutting_D,1771290859806141239,"34,9384613",-3.9,"48,3619003","43,9238091","47,8761902"
cutting_D,1771290859906142084,"35,0153809",-4.2,"47,5396805","44,9174614","47,7809486"
cutting_D,1771290860006143097,"34,9384613",-3.5,"47,9301605","44,1238098","47,1587296"
cutting_D,1771290860106144167,"34,753849",-3.5,"48,1492119","44,7301598","47,7142906"
cutting_D,1771290860206145303,"34,5692291",-3.2,"47,9492111","44,5428581","47,1777802"
cutting_D,1771290860306142190,"34,753849",-4.1,"48,3555603","44,1841316","47,8254013"
cutting_D,1771290860406146704,"34,9384613",-4.5,"48,2539711","44,8412704","47,7238083"
cutting_D,1771290860506147764,"35,0153809",-3.8,"48,1777802","44,0317497","47,4285698"
cutting_D,1771290860606148707,"35,5538406",-3.9,"48,0984116","44,3460312","47,6825409"
cutting_D,1771290860706150800,"35,8307686",-3.3,"47,8888893","44,8984108","47,7460289"
cutting_D,1771290860806150425,"35,8307686",-3.9,"48,4444504","44,3714294","47,4412689"
cutting_D,1771290860906151119,"35,6461487",-4.5,"48,2888908","44,6920586","47,4857101"
cutting_D,1771290861006152779,"35,5538406",-4.1,"48,2571411","43,9142914","47,1142807"
cutting_D,1771290861106153471,"35,2923088",-3.9,"48,1873016","44,4031792","47,4127007"
cutting_D,1771290861206154394,"35,2923088",-3.2,"47,7047615","44,7015915","47,4000015"
cutting_D,1771290861306155232,"35,1076889",-3.6,"48,6063499","44,2095299","47,6127014"
cutting_D,1771290861406155391,"35,4615402",-4.4,"47,69524","44,2984085","47,5682602"
cutting_D,1771290861506156846,"35,6461487",-3.8,"48,6285706","44,1523819","47,8730202"
cutting_D,1771290861606157970,"36,0923119",-4.2,"48,4031792","44,5936508","47,2412682"
cutting_D,1771290861706159515,"36,2769203",-3.5,"48,4857101","44,7999992","48,1523819"
cutting_D,1771290861806159324,"36,4461594",-3.6,"48,3936501","44,526989","47,5047607"
cutting_D,1771290861906160879,"36,0923119",-4.1,"48,0349197","44,5777817","47,3650818"
cutting_D,1771290862006161178,"36,0923119",-4.1,"48,2857094","43,9555511","47,2698402"
cutting_D,1771290862106162273,"36,0923119",-4.1,"48,3079414","44,6857109","47,5936508"
cutting_D,1771290862206163741,"35,8307686",-3.6,"48,228569","44,9365082","47,8381004"
cutting_D,1771290862306164050,"35,6461487",-3.7,"48,1936493","44,7873001","47,9396782"
cutting_D,1771290862406165050,"35,7384605",-4.0,"47,9111099","44,3619003","47,466671"
cutting_D,1771290862506162214,"35,9076881",-3.5,"47,9809494","43,834919","47,3174591"
cutting_D,1771290862606167035,36,-4.1,"48,1428604","44,6412697","47,469841"
cutting_D,1771290862706169445,"36,3692284",-4.1,"48,1238098","44,5841293","47,5460281"
cutting_D,1771290862806168869,"36,5384598",-4.0,"48,1174583","44,3492088","47,5174599"
cutting_D,1771290862906169819,"36,3692284",-4.2,"47,9079399","44,5079384","47,6127014"
cutting_D,1771290863006170807,"36,2769203",-3.6,"48,3936501","44,9746094","47,6317482"
cutting_D,1771290863106171941,"36,3692284",-3.8,"48,1047592","44,3745995","47,2317505"
cutting_D,1771290863206173507,"36,1846199",-4.1,"48,168251","44,69524","47,8539696"
cutting_D,1771290863306173501,36,-4.0,"48,2507896","44,3841286","47,5714302"
cutting_D,1771290863406174409,"35,6461487",-4.1,"48,0825386","44,5460281","47,3777809"
cutting_D,1771290863506175992,"35,9076881",-3.7,"48,0984116","44,1174583","47,2857094"
cutting_D,1771290863606176247,36,-3.7,"48,1238098","44,5365105","47,526989"
cutting_D,1771290863706177629,"36,3692284",-3.9,"48,831749","44,2380905","47,2888908"
cutting_D,1771290863806178405,"36,6307716",-4.2,"47,8825417","44,1428604","47,7587318"
cutting_D,1771290863906178993,"37,0769196",-4.8,"48,0444489","44,2825394","47,4476204"
cutting_D,1771290864006180110,"36,8153801",-4.0,"48,1523819","44,5015907","47,5492096"
cutting_D,1771290864106180320,"36,8923111",-3.7,"48,1936493","44,5142899","47,60952"
cutting_D,1771290864206181437,"36,7230797",-3.8,"48,1047592","44,5936508","47,8539696"
cutting_D,1771290864306187518,"36,5384598",-3.8,"48,2317505","44,4952393","47,4634895"
cutting_D,1771290864406183484,"36,2769203",-4.4,"48,2158699","44,4793701","47,5587311"
cutting_D,1771290864506184614,"36,2769203",-4.3,"48,2920609","44,5841293","48,2920609"
cutting_D,1771290864606185514,"36,5384598",-3.7,"48,0222206","44,168251","47,1492119"
cutting_D,1771290864706188100,"36,8153801",-3.9,"48,1523819","44,3428612","47,6412697"
cutting_D,1771290864806187575,"37,1692314",-3.8,"47,9777794","44,2571411","47,6031799"
cutting_D,1771290864906188238,"37,6153793",-4.9,"48,2825394","44,1809502","47,3111115"
cutting_D,1771290865006189985,"38,0615387",-4.7,"48,2920609","44,7873001","48,1365089"
cutting_D,1771290865106189868,"37,6153793",-3.9,"48,0158691","44,7936516","47,7047615"
cutting_D,1771290865206191067,"37,6153793",-4.2,"48,1809502","44,7238083","48,2666702"
cutting_D,1771290865306196182,"37,0769196",-3.7,"47,8095207","44,2857094","46,8507996"
cutting_D,1771290865406193102,"37,0769196",-4.1,"48,0317497","44,2317505","47,30476"
cutting_D,1771290865506193771,"36,8153801",-4.5,"48,1174583","44,6317482","47,9523811"
cutting_D,1771290865606194688,"37,0769196",-3.9,"48,165081","44,9269791","47,5460281"
cutting_D,1771290865706196153,"37,1692314",-4.3,"48,4317513","44,69841","48,0253983"
cutting_D,1771290865806200144,"37,4307709",-3.8,"48,0888901","44,0095291","47,6031799"
cutting_D,1771290865906197001,"37,7846107",-4.0,"48,2666702","44,0063515","47,5619011"
cutting_D,1771290866006198357,"38,41539",-4.3,"48,1015892","45,0984116","48,0666695"
cutting_D,1771290866106199540,"38,3230782",-3.9,"48,3587303","44,9523811","47,0190506"
cutting_D,1771290866206200203,"38,0615387",-4.5,"48,30159","44,2761917","48,079361"
cutting_D,1771290866306204147,"37,8769188",-4.1,"47,6317482","44,0349197","47,2476196"
cutting_D,1771290866406202014,"37,8769188",-3.9,"48,079361","44,1015892","47,3841286"
cutting_D,1771290866506203004,"37,6153793",-4.1,"48,2158699","44,8063507","48,0317497"
cutting_D,1771290866606204277,"37,338459",-3.7,"48,228569","44,6285706","47,5650787"
cutting_D,1771290866706205343,"37,5230789",-4.6,"47,99683","44,3968315","47,8095207"
cutting_D,1771290866806209366,"37,7076912",-4.4,"47,5206299","44,473011","47,6761894"
cutting_D,1771290866906206455,"37,9692307",-4.3,"48,5904808","43,8381004","47,3333397"
cutting_D,1771290867006208896,"38,41539",-4.3,"48,4031792","45,0603218","48,00317"
cutting_D,1771290867106208616,"38,9538498",-3.5,"48,1714287","44,7587318","47,3206406"
cutting_D,1771290867206209561,"38,5076904",-4.4,"48,1904793",45,"47,7555618"
cutting_D,1771290867306214646,"38,5999985",-4.5,"48,1492119","44,5079384","47,8095207"
cutting_D,1771290867406211297,"38,41539",-4.6,"48,4190483","44,3174591","48,0634918"
cutting_D,1771290867506212522,"38,5076904",-4.2,"48,1333389","44,5999985","47,3269806"
cutting_D,1771290867606213328,"37,8769188",-3.5,"47,9650803","44,3460312","47,6444397"
cutting_D,1771290867706213844,"37,7076912",-4.3,"48,165081","44,0571404","48,0857201"
cutting_D,1771290867806219024,"37,7846107",-4.6,"47,8412704","44,9492111","48,5872993"
cutting_D,1771290867906215848,"38,2307701",-4.6,"48,2952385","44,0158691","47,5492096"
cutting_D,1771290868006216711,"38,5076904",-4.8,"48,2730217","44,7142906","47,7396889"
cutting_D,1771290868106218054,"39,1384583",-3.9,"48,1174583","44,3523788","47,4412689"
cutting_D,1771290868206218223,"39,4923096",-4.4,"48,225399","44,530159","47,6730194"
cutting_D,1771290868306221677,"39,1384583",-4.1,"47,8031807","44,7460289","47,8031807"
cutting_D,1771290868406220913,"39,0461502",-4.6,"48,6571388","44,4952393","47,7841301"
cutting_D,1771290868506221437,"38,6923103",-4.6,"48,1714287","44,7428589","47,69841"
cutting_D,1771290868606222870,"38,5076904",-3.9,"48,2666702","44,4095192","47,3269806"
cutting_D,1771290868706223280,"38,0615387",-4.3,"48,1587296","44,7206306","47,8254013"
cutting_D,1771290868806227208,"38,1538506",-4.1,"48,0634918","44,7301598","47,8857193"
cutting_D,1771290868906225149,"38,41539",-4.5,"48,30159","44,3111115","47,4285698"
cutting_D,1771290869006228071,"38,6923103",-4.9,"48,1301613","44,5872993","47,39048"
cutting_D,1771290869106223317,"39,0461502",-4.2,"48,3269806","44,0730209","47,5682602"
cutting_D,1771290869206227852,"39,753849",-4.5,"48,2349205","44,5587311","47,69524"
cutting_D,1771290869306232833,"39,661541",-4.2,"47,6825409","44,0730209","47,7142906"
cutting_D,1771290869406230144,"39,58461",-4.2,"48,1079407","44,2126999","47,8825417"
cutting_D,1771290869506230356,"39,1384583",-4.3,48,"45,00317","47,4507904"
cutting_D,1771290869606232002,"39,0461502",-4.2,"48,1936493","44,1460304","47,4888916"
cutting_D,1771290869706232715,"38,5999985",-4.5,"48,3301582","44,8984108","48,079361"
cutting_D,1771290869806236325,"38,5076904",-4.4,"48,0984116","44,2571411","47,3523788"
cutting_D,1771290869906234493,"38,41539",-4.4,"48,2126999","44,4793701","47,2349205"
cutting_D,1771290870006235346,"38,5076904",-4.2,"47,9682503","45,1428604","48,1460304"
cutting_D,1771290870106236888,"38,7692299",-4.0,"48,30159","44,3555603","47,774601"
cutting_D,1771290870206236637,"39,1384583",-4.7,"48,2730217","44,6634903","47,6222191"
cutting_D,1771290870306240339,"39,753849",-4.7,"48,2920609","44,4158707","47,5555611"
cutting_D,1771290870406241864,"39,661541",-4.2,"48,3428612","44,4253998","47,8095207"
cutting_D,1771290870506241249,"39,4923096",-4.2,"48,0825386","44,920639","47,9523811"
cutting_D,1771290870606241783,"39,3076897",-4.0,"48,0158691","44,1174583","47,3206406"
cutting_D,1771290870706241302,"39,4000015",-4.4,"48,1809502","44,2857094","47,1492119"
cutting_D,1771290870806245738,"38,7692299",-4.7,"48,3872986","44,6380997","47,6920586"
cutting_D,1771290870906243754,"38,5999985",-4.9,"48,530159","44,8571396","47,3238106"
cutting_D,1771290871006244597,"38,41539",-4.4,"48,5492096","44,7428589","47,5396805"
cutting_D,1771290871106245766,"38,8615417",-4.0,"48,1968307","44,2603188","47,9015884"
cutting_D,1771290871206246790,"38,9538498",-4.4,"48,1904793","44,6666718","47,7619095"
cutting_D,1771290871306249954,"39,661541",-5.0,"48,30159","44,4158707","47,2920609"
cutting_D,1771290871406248166,"40,1076889",-5.0,"48,4349213","44,6158791","47,7619095"
cutting_D,1771290871506245527,"40,0307693",-4.5,"48,3841286","44,8285713","47,6507912"
cutting_D,1771290871606249925,"39,661541",-4.4,"48,2190514","44,2825394","47,6254005"
cutting_D,1771290871706250992,"39,58461",-4.3,"47,99683","44,8381004","47,4920692"
cutting_D,1771290871806254451,"39,3076897",-4.9,"48,2666702","44,0698395","47,1587296"
cutting_D,1771290871906253045,"38,9538498",-5.1,"48,3269806","44,2698402","47,4857101"
cutting_D,1771290872006253755,"38,3230782",-4.6,"48,3492088","44,7587318","47,7238083"
cutting_D,1771290872106254712,"38,8615417",-4.6,"47,9936485","44,5746002","47,9746094"
cutting_D,1771290872206256381,"39,3076897",-4.4,"47,6888885","44,7301598","47,9523811"
cutting_D,1771290872306258406,"39,58461",-4.6,"48,1015892","44,3619003","47,7428589"
cutting_D,1771290872406257381,"40,2000008",-4.9,"48,4507904","43,9682503","46,7999992"
cutting_D,1771290872506258519,"40,5538406",-4.4,"48,4603195","44,4952393","47,8539696"
cutting_D,1771290872606259404,"40,2923088",-4.6,"48,8063507","44,7682495","48,2349205"
cutting_D,1771290872706260400,"39,8461494",-4.5,"48,3365097","44,9619102","47,4095192"
cutting_D,1771290872806262942,"39,8461494",-4.7,"48,2571411","44,1777802","47,1174583"
cutting_D,1771290872906262206,"39,1384583",-4.3,"48,0476189","43,9333305","47,2666702"
cutting_D,1771290873006263297,"39,0461502",-4.4,"48,1428604","44,4031792","47,5111084"
cutting_D,1771290873106264002,"38,7692299",-4.9,"48,3841286","44,8761902","47,7428589"
cutting_D,1771290873206264916,"39,4923096",-4.7,"48,3587303","44,8381004","47,8793602"
cutting_D,1771290873306267124,"39,753849",-4.6,"48,1365089","43,9873009","47,4158707"
cutting_D,1771290873406267110,"40,2000008",-4.6,"47,9936485","44,0444489","47,39048"
cutting_D,1771290873506267638,"40,4769211",-3.9,"48,1333389","44,4888916","47,6254005"
cutting_D,1771290873606268479,"40,6461487",-4.4,"48,2158699","44,8190498","47,6698418"
cutting_D,1771290873706269270,"40,2923088",-4.7,"48,1301613","44,7873001","47,9841309"
cutting_D,1771290873806271946,"40,1076889",-4.9,"48,4158707","44,4888916","47,6158791"
cutting_D,1771290873906271298,"39,9384613",-4.5,"48,0920601","44,6571388","47,4920692"
cutting_D,1771290874006272231,"39,4923096",-3.9,"48,1079407","43,8571396","47,6254005"
cutting_D,1771290874106273168,"39,1384583",-4.6,"48,0095291","44,7047615","47,7333298"
cutting_D,1771290874206274130,"39,4923096",-4.8,"48,2603188","44,6920586","47,7047615"
cutting_D,1771290874306278369,"39,753849",-5.1,"48,4031792","44,3238106","47,2222214"
cutting_D,1771290874406276203,"39,9384613",-5.0,"48,165081","44,6158791","47,7682495"
cutting_D,1771290874506276938,"40,6461487",-4.2,"48,2793694","44,4539719","47,8158684"
cutting_D,1771290874606277759,"41,0153809",-4.3,"48,0825386","44,3523788","46,9301605"
cutting_D,1771290874706279095,"40,9230804",-4.5,"48,0507889","44,5650787","47,7079391"
cutting_D,1771290874806282032,"40,4769211",-4.8,"48,4253998","44,2412682","47,6666718"
cutting_D,1771290874906280712,"40,5538406",-5.1,"48,5396805","44,7492104","47,6507912"
cutting_D,1771290875006281964,"40,2923088",-4.6,"48,526989","44,6317482","47,8730202"
cutting_D,1771290875106282362,"39,8461494",-4.3,"48,2603188","44,2634888","47,0634918"
cutting_D,1771290875206283508,"39,1384583",-4.6,"48,0888901","44,3936501","47,6222191"
cutting_D,1771290875306287993,"40,0307693",-4.9,"48,165081","44,5999985","47,7460289"
cutting_D,1771290875406285367,"40,2000008",-5.2,"48,3111115","44,5999985","47,5555611"
cutting_D,1771290875506286321,"40,5538406",-4.9,"48,3587303","44,7206306","48,2031708"
cutting_D,1771290875606286889,"41,0923119",-4.5,"48,0730209","44,7206306","46,9365082"
cutting_D,1771290875706288294,"41,6307716",-4.5,"48,7269897","44,3841286","47,473011"
cutting_D,1771290875806290608,"41,1846199",-4.3,"48,2984085","44,6254005","47,8158684"
cutting_D,1771290875906289710,"40,8307686",-5.0,"48,1333389","44,4317513","47,4761887"
cutting_D,1771290876006290781,"40,7384605",-4.8,"48,3841286","44,7841301","48,0603218"
cutting_D,1771290876106292515,"40,2923088",-4.7,"48,2095299","44,8031807","47,5841293"
cutting_D,1771290876206292686,"39,753849",-4.9,"48,2349205","44,3396797","47,4634895"
cutting_D,1771290876306295502,"39,4923096",-4.6,"47,9174614","44,3111115","47,3777809"
cutting_D,1771290876406294331,"40,2000008",-4.7,"48,1142807","44,4476204","47,5111084"
cutting_D,1771290876506295540,"40,5538406",-4.9,"48,3841286","44,2126999","47,2126999"
cutting_D,1771290876606296745,"41,0153809",-4.8,"48,139679","44,5523796","47,4285698"
cutting_D,1771290876706297881,"41,2769203",-5.0,"48,2095299","44,3079414","47,5365105"
cutting_D,1771290876806301346,"41,8153801",-4.5,"49,2825394","44,0349197","47,5079384"
cutting_D,1771290876906298650,"41,1846199",-4.9,"48,1777802","44,3365097","47,5111084"
cutting_D,1771290877006300459,"41,2769203",-4.3,"48,1904793","44,473011","47,5015907"
cutting_D,1771290877106300968,"40,7384605",-4.3,"48,1809502","44,5555611","47,774601"
cutting_D,1771290877206303027,"40,5538406",-5.0,"48,0158691","44,8539696","47,5968208"
cutting_D,1771290877306307479,"39,9384613",-5.3,"48,2063484","44,4952393","47,4412689"
cutting_D,1771290877406304070,"40,2000008",-4.8,"48,1460304","44,3714294","47,5396805"
cutting_D,1771290877506304985,"40,5538406",-4.5,"48,165081","44,3809509","47,3777809"
cutting_D,1771290877606305348,"41,0153809",-4.2,"48,1365089","44,5746002","47,3841286"
cutting_D,1771290877706306797,"41,2769203",-5.2,"48,1714287","44,7301598","48,2031708"
cutting_D,1771290877806312675,"41,8153801",-5.2,"47,7904816","45,0253983","47,9333305"
cutting_D,1771290877906308122,"41,7230797",-4.8,"47,9682503","44,0984116","47,5619011"
cutting_D,1771290878006308716,"41,2769203",-4.5,"48,7047615","43,7936516","46,8952408"
cutting_D,1771290878106310304,"41,3692284",-4.1,"48,0476189","44,3111115","47,2761917"
cutting_D,1771290878206307227,"41,0153809",-4.8,"48,0666695","44,8634911",48
cutting_D,1771290878306313913,"40,4769211",-5.1,"48,0730209","45,0539703","47,3269806"
cutting_D,1771290878406312578,"40,0307693",-5.2,"48,4127007","44,4253998","47,5460281"
cutting_D,1771290878506313604,"40,7384605",-4.8,"48,30159","43,6349182","47,5492096"
cutting_D,1771290878606315071,"40,7384605",-4.0,"48,0634918","44,4952393","47,3492088"
cutting_D,1771290878706316419,"41,0923119",-4.8,"48,0888901","45,5111084","47,834919"
cutting_D,1771290878806317456,"41,6307716",-5.3,"48,2000008","44,3714294","47,4000015"
cutting_D,1771290878906317644,"42,4307709",-4.9,"48,3650818","44,4317513","47,9492111"
cutting_D,1771290879006318498,"41,9076881",-4.9,"48,0222206","44,2698402","47,4095192"
cutting_D,1771290879106319673,"41,7230797",-4.2,"48,2412682","44,1968307","47,3587303"
cutting_D,1771290879206320381,"41,5384598",-4.8,"48,0730209","45,0253983","47,8126984"
cutting_D,1771290879306322002,"41,4615402",-4.9,"47,8730202","44,4857101","47,5111084"
cutting_D,1771290879406322411,"40,8307686",-5.1,"48,3872986","44,3492088","47,9650803"
cutting_D,1771290879506323083,"40,2923088",-4.9,"48,1745987","44,5174599","47,4857101"
cutting_D,1771290879606323794,"40,8307686",-4.8,"48,3936501","44,30476","47,5872993"
cutting_D,1771290879706325105,"41,3692284",-5.0,"48,3301582","44,530159","47,1047592"
cutting_D,1771290879806325907,"41,6307716",-4.9,"48,1238098","44,5206299","47,8634911"
cutting_D,1771290879906326995,"42,1692314",-4.6,"48,2126999","44,5872993","47,6888885"
cutting_D,1771290880006327644,"42,7076912",-4.8,"48,0095291","44,6666718","47,8761902"
cutting_D,1771290880106328822,"41,9846191",-4.9,"48,3492088","44,2000008","47,6539688"
cutting_D,1771290880206329942,"41,8153801",-5.1,"48,5555611","44,4634895","47,0412712"
cutting_D,1771290880306332326,"41,4615402",-4.9,"48,0095291","44,5936508","47,1269798"
cutting_D,1771290880406331404,"41,0923119",-4.9,"48,2952385","44,834919","48,1015892"
cutting_D,1771290880506328627,"40,8307686",-4.9,"48,1238098","44,5111084","47,6317482"
cutting_D,1771290880606334087,"40,8307686",-4.9,"48,3619003","44,168251","47,7396889"
cutting_D,1771290880706334093,"41,0923119",-5.0,"48,3841286","44,6380997","47,6190491"
cutting_D,1771290880806335487,"41,8153801",-4.9,"48,2349205","44,6634903","47,4825401"
cutting_D,1771290880906336008,"41,9846191",-4.7,"48,2793694","45,3492088","49,0412712"
cutting_D,1771290881006337158,"42,5230789",-4.4,"48,0730209","44,469841","47,5460281"
cutting_D,1771290881106337874,"42,5230789",-4.6,"48,4476204","44,7809486","47,7841301"
cutting_D,1771290881206338561,"42,1692314",-4.9,"47,8539696","44,4793701","47,7460289"
cutting_D,1771290881306339408,"41,9846191",-5.4,"48,1206398","44,6539688","47,2888908"
cutting_D,1771290881406340391,"41,7230797",-5.0,"48,0888901","44,5682602","47,2698402"
cutting_D,1771290881506341680,"41,2769203",-4.4,"47,9333305","44,6730194","47,6539688"
cutting_D,1771290881606342163,"41,2769203",-4.9,"48,3619003","44,3142891","47,7682495"
cutting_D,1771290881706343809,"41,4615402",-4.9,"47,9873009","44,3523788","47,4857101"
cutting_D,1771290881806344429,"41,6307716",-5.1,"48,2603188","44,3936501","47,7904816"
cutting_D,1771290881906345092,"41,9846191",-5.3,"48,1714287","44,2444496","47,3460312"
cutting_D,1771290882006346366,"42,3538513",-4.5,"47,8031807","44,7142906","47,8190498"
cutting_D,1771290882106346573,"43,0615387",-4.9,"48,0730209","44,9936485","48,0063515"
cutting_D,1771290882206349370,"42,6153793",-4.3,"47,8666687","44,466671","47,3682594"
cutting_D,1771290882306348541,"42,3538513",-5.5,"48,0857201","44,3809509","47,530159"
cutting_D,1771290882406350079,"42,3538513",-5.3,"48,0952415","44,3872986","47,4888916"
cutting_D,1771290882506350690,"42,0769196",-4.8,"48,1079407","44,3111115","47,2031708"
cutting_D,1771290882606351703,"41,4615402",-5.0,"48,1365089","44,8381004","48,0634918"
cutting_D,1771290882706352508,"41,3692284",-4.5,"47,9492111","44,4190483","47,3587303"
cutting_D,1771290882806353345,"41,6307716",-4.9,"48,165081","43,8634911","47,4761887"
cutting_D,1771290882906355024,"41,9846191",-5.3,"48,0730209","44,9301605","47,7174606"
cutting_D,1771290883006355707,"42,0769196",-4.7,"48,3206406","44,2380905","47,3428612"
cutting_D,1771290883106356396,"43,0615387",-5.2,"48,2317505","44,8888893","47,774601"
cutting_D,1771290883206357341,"43,41539",-4.4,"48,1142807","44,6031799","47,3428612"
cutting_D,1771290883306357809,"43,0615387",-4.6,"48,1936493","44,1047592","47,3587303"
cutting_D,1771290883406359172,"42,5230789",-4.9,"48,0888901","44,5841293","47,3079414"
cutting_D,1771290883506359931,"42,3538513",-4.6,"48,69524","44,5968208","48,0381012"
cutting_D,1771290883606361166,"41,9846191",-5.4,"48,1809502","44,8254013","47,5492096"
cutting_D,1771290883706362247,"41,6307716",-4.9,"48,1555595","44,3587303","47,5238113"
cutting_D,1771290883806362524,"41,0923119",-4.9,"48,7682495","44,5777817","47,6603203"
cutting_D,1771290883906363708,"41,8153801",-5.0,"48,0857201","45,1015892","47,6317482"
cutting_D,1771290884006364671,"42,4307709",-4.4,"48,2126999","44,3523788","47,9746094"
cutting_D,1771290884106365379,"42,5230789",-5.3,"48,1714287","44,920639","48,2634888"
cutting_D,1771290884206366917,"43,246151",-4.9,"48,4000015","44,4031792","47,6730194"
cutting_D,1771290884306367336,"43,41539",-5.1,"48,2507896","44,6380997","47,225399"
cutting_D,1771290884406368714,"42,9692307",-4.8,"47,9682503","44,6507912","47,4190483"
cutting_D,1771290884506369513,"42,4307709",-4.2,"48,1555595","44,3142891","47,7111092"
cutting_D,1771290884606371162,"42,4307709",-4.9,"48,1301613","45,0349197","48,0444489"
cutting_D,1771290884706371184,"41,9076881",-5.3,"48,3523788","44,30159","47,2571411"
cutting_D,1771290884806371971,"41,9846191",-6.0,"48,2412682","44,4539719","47,5238113"
cutting_D,1771290884906372756,"41,7230797",-5.0,"48,1873016","44,771431","47,7650795"
cutting_D,1771290885006374315,"42,3538513",-4.5,"48,2095299","44,4793701","47,9333305"
cutting_D,1771290885106374568,"42,6153793",-4.9,"48,0888901","44,7999992","47,5777817"
cutting_D,1771290885206376878,"43,0615387",-5.1,"48,7555618","44,4063492","48,0222206"
cutting_D,1771290885306372761,"43,41539",-5.3,"48,3682594","44,2761917","47,3555603"
cutting_D,1771290885406377758,"43,5076904",-5.1,"48,2761917","44,7365112","47,5047607"
cutting_D,1771290885506378614,"43,0615387",-4.6,"48,2031708","44,5555611","47,60952"
cutting_D,1771290885606379401,"42,9692307",-4.8,"48,1873016","44,6254005","47,4984093"
cutting_D,1771290885706380204,"42,6153793",-4.8,"47,3777809","44,3619003","48,1714287"
cutting_D,1771290885806381875,"41,9076881",-5.3,"48,2984085","44,5777817","47,774601"
cutting_D,1771290885906381932,"41,9076881",-5.2,"48,30159","44,5714302","47,3619003"
cutting_D,1771290886006382834,"42,0769196",-5.0,"48,6571388","44,7650795","47,8634911"
cutting_D,1771290886106384293,"42,6153793",-4.9,"47,9523811","44,7587318","47,5619011"
cutting_D,1771290886206385326,"42,6153793",-4.8,"48,0571404","44,3745995","47,7999992"
cutting_D,1771290886306385964,"43,41539",-5.2,"47,860321","44,7777786","47,9079399"
cutting_D,1771290886406386702,"43,8615417",-5.2,"48,1015892","44,1269798","46,9047585"
cutting_D,1771290886506387260,"43,8615417",-5.0,"48,1809502","44,2761917","47,5142899"
cutting_D,1771290886606389353,"43,0615387",-5.1,"47,9301605","44,9841309","48,139679"
cutting_D,1771290886706389753,"43,41539",-5.0,"47,69841","44,4984093","47,3492088"
cutting_D,1771290886806390735,"42,6153793",-4.9,"48,2952385","44,7492104","48,0126991"
cutting_D,1771290886906393757,"42,3538513",-4.6,"48,4127007","43,9396782","47,5238113"
cutting_D,1771290887006392349,"41,6307716",-5.2,"48,4349213","44,0730209","47,0349197"
cutting_D,1771290887106392867,"42,4307709",-5.3,"48,4857101","45,0190506","47,8825417"
cutting_D,1771290887206394320,"42,9692307",-5.2,"48,9682503","45,168251","47,8825417"
cutting_D,1771290887306394889,"43,1538506",-4.9,"48,139679","44,6380997","47,6158791"
cutting_D,1771290887406395933,"43,7846107",-4.6,"48,2634888","44,1015892","47,8507996"
cutting_D,1771290887506396933,"44,4000015",-4.9,"48,3111115","44,4920692","48,0381012"
cutting_D,1771290887606398882,"43,8615417",-5.1,"48,2603188","44,6063499","47,4476204"
cutting_D,1771290887706399009,"43,1538506",-5.5,"48,3365097","44,6634903","47,3650818"
cutting_D,1771290887806399691,"43,1538506",-4.7,"48,1174583","44,6857109","47,5492096"
cutting_D,1771290887906400760,"42,7999992",-4.7,"48,1841316","44,1238098","47,771431"
cutting_D,1771290888006401486,"42,5230789",-5.0,"48,0571404","44,530159","47,5619011"
cutting_D,1771290888106402668,"41,9076881",-5.0,"48,3587303","44,2444496","47,2317505"
cutting_D,1771290888206403875,"42,8769188",-5.5,"48,1555595","44,4063492","47,00317"
cutting_D,1771290888306404256,"43,1538506",-5.5,"48,1968307","44,533329","47,7111092"
cutting_D,1771290888406405301,"43,5076904",-4.9,"48,1142807","45,1206398","48,3301582"
cutting_D,1771290888506406297,"43,8615417",-4.6,"47,9428596","44,2920609","47,3333397"
cutting_D,1771290888606407421,"44,3076897",-4.5,"48,161911","43,9682503","47,1555595"
cutting_D,1771290888706407983,"43,5999985",-5.5,"48,30159","44,0222206","47,1269798"
cutting_D,1771290888806409051,"43,6923103",-5.1,"48,3650818","44,5079384","47,4000015"
cutting_D,1771290888906409752,"43,0615387",-4.9,"48,4127007","45,0095291","47,8888893"
cutting_D,1771290889006411499,"42,7076912",-4.9,"47,9523811","44,4444504","47,7492104"
cutting_D,1771290889106411451,"42,5230789",-5.0,"48,3269806","43,9555511","47,6888885"
cutting_D,1771290889206412556,"42,6153793",-5.6,"48,3523788","44,5492096","47,5872993"
cutting_D,1771290889306413723,"42,8769188",-5.6,"48,3936501","44,9492111","48,0603218"
cutting_D,1771290889406414503,"43,5076904",-5.3,"48,5492096","45,2000008","48,2761917"
cutting_D,1771290889506415359,"43,6923103",-5.3,"48,0317497","45,0190506","47,9365082"
cutting_D,1771290889606415928,"44,1384583",-4.7,"47,831749","44,2761917","48,1238098"
cutting_D,1771290889706413318,"44,3076897",-5.0,"48,161911","44,1555595","47,7015915"
cutting_D,1771290889806418099,"43,5999985",-5.2,"48,2380905","44,0349197","47,5111084"
cutting_D,1771290889906419249,"44,0461502",-5.0,"48,0571404","44,0603218","47,1777802"
cutting_D,1771290890006419846,"43,3230782",-5.2,"48,2920609","44,9809494","47,3111115"
cutting_D,1771290890106420941,"42,7076912",-4.9,"47,8761902","44,1873016","47,8095207"
cutting_D,1771290890206422106,"42,3538513",-5.4,"48,0095291","44,2031708","47,3777809"
cutting_D,1771290890306423884,"43,1538506",-5.0,"48,2666702","44,0825386","47,0634918"
cutting_D,1771290890406423835,"43,0615387",-4.7,"48,1238098","44,1523819","47,2095299"
cutting_D,1771290890506424655,"43,41539",-5.2,"47,99683","44,9841309","47,7396889"
cutting_D,1771290890606425744,"44,0461502",-5.3,"48,139679","45,0539703","47,60952"
cutting_D,1771290890706426190,"44,753849",-5.0,"48,0698395","44,4793701","47,4952393"
cutting_D,1771290890806427744,"44,3076897",-5.0,"48,1111107","44,0222206","47,2444496"
cutting_D,1771290890906427968,"43,8615417",-4.2,"47,9682503","44,3174591","47,4920692"
cutting_D,1771290891006429133,"43,9538498",-4.9,"48,2158699","44,6380997","47,8761902"
cutting_D,1771290891106431992,"43,0615387",-5.3,"48,2349205","45,0222206","47,9301605"
cutting_D,1771290891206430756,"42,8769188",-5.5,"48,2190514","44,6317482","47,7269897"
cutting_D,1771290891306432144,"42,3538513",-5.1,"48,30476","44,2920609","48,526989"
cutting_D,1771290891406433091,"43,0615387",-4.6,"47,8952408","44,466671","47,4095192"
cutting_D,1771290891506434085,"43,41539",-4.8,"48,0952415","44,6507912","47,3523788"
cutting_D,1771290891606436005,"43,6923103",-5.2,"48,2952385","44,2222214","47,0317497"
cutting_D,1771290891706435578,"44,2307701",-5.5,"48,2412682","45,0666695","47,9746094"
cutting_D,1771290891806436482,"45,0307693",-5.7,"48,1873016","44,4634895","47,8888893"
cutting_D,1771290891906437204,"44,1384583",-4.5,"48,2222214","44,3745995","47,4285698"
cutting_D,1771290892006435088,"43,9538498",-4.5,"48,3714294","45,4063492","46,9714317"
cutting_D,1771290892106440424,"43,5076904",-4.9,"48,161911","44,4158707","47,8444405"
cutting_D,1771290892206440392,"43,41539",-5.5,"47,8285713","44,5936508","47,834919"
cutting_D,1771290892306441376,"43,1538506",-6.0,"48,5714302","44,6730194","48,3079414"
cutting_D,1771290892406442313,"42,9692307",-4.9,"48,3650818","44,3428612","47,533329"
cutting_D,1771290892506443148,"43,1538506",-4.8,"48,2952385","44,2603188","47,7174606"
cutting_D,1771290892606443916,"43,8615417",-4.9,"48,1968307","44,8031807","47,8031807"
cutting_D,1771290892706445144,"44,2307701",-5.1,"48,3872986","44,8222198","47,7396889"
cutting_D,1771290892806446288,"44,58461",-5.5,"48,2825394","44,7587318","47,3492088"
cutting_D,1771290892906446840,"44,753849",-4.9,"48,0888901","44,5523796","47,1587296"
cutting_D,1771290893006448115,"44,1384583",-5.1,"48,3841286","43,8920593","47,3682594"
cutting_D,1771290893106448656,"44,3076897",-4.7,"47,9460297","44,2444496","47,3587303"
cutting_D,1771290893206449893,"43,5999985",-4.7,"48,2793694","44,1269798","47,526989"
cutting_D,1771290893306450334,"43,1538506",-5.5,"48,2349205","44,3238106","47,4539719"
cutting_D,1771290893406451529,"42,9692307",-5.4,"48,2571411","44,526989","47,5047607"
cutting_D,1771290893506452486,"43,246151",-5.3,"48,2666702","44,4793701","47,6603203"
cutting_D,1771290893606453070,"43,246151",-5.0,"48,0158691","44,3745995","47,4825401"
cutting_D,1771290893706455059,"43,8615417",-5.0,"48,0571404","44,1777802","47,0095291"
cutting_D,1771290893806455877,"44,3076897",-5.0,"47,9333305","44,4888916","47,5841293"
cutting_D,1771290893906456175,"44,9384613",-4.9,"48,1428604","44,5142899","47,3333397"
cutting_D,1771290894006456499,"44,6769218",-5.0,"48,1079407","44,8507996","48,0539703"
cutting_D,1771290894106458153,"44,2307701",-5.2,"48,079361","44,69524","47,7682495"
cutting_D,1771290894206459445,"44,4000015",-5.1,"48,2857094","44,2031708","47,469841"
cutting_D,1771290894306459771,"43,7846107",-5.2,"47,9396782","44,3777809","47,5968208"
cutting_D,1771290894406456642,"43,0615387",-4.8,"48,2190514","44,5746002","47,7523804"
cutting_D,1771290894506461618,"42,9692307",-5.1,"48,1365089","44,5809517","47,228569"
cutting_D,1771290894606462919,"43,3230782",-5.4,"48,3079414","44,2761917","47,6857109"
cutting_D,1771290894706463008,"43,6923103",-5.7,"48,0857201","44,2349205","47,2476196"
cutting_D,1771290894806464102,"44,0461502",-4.9,"48,2095299","44,0317497","47,2984085"
cutting_D,1771290894906465056,"44,753849",-5.0,"48,079361","44,7999992","47,8190498"
cutting_D,1771290895006466434,"45,2000008",-4.5,"48,0730209","45,0476189","47,4127007"
cutting_D,1771290895106466989,"44,6769218",-5.2,"48,1111107","44,7206306","47,9015884"
cutting_D,1771290895206468171,"44,1384583",-5.4,"48,1714287","44,2539711","47,8285713"
cutting_D,1771290895306468650,"44,0461502",-5.2,"48,1523819","44,5999985","47,7936516"
cutting_D,1771290895406470005,"43,7846107",-5.2,"48,2444496","44,6507912","47,9333305"
cutting_D,1771290895506470813,"43,246151",-4.7,"48,0571404","44,2380905","46,9777794"
cutting_D,1771290895606471351,"42,9692307",-5.1,"48,2095299","44,4000015","47,4603195"
cutting_D,1771290895706472867,"43,3230782",-5.8,"48,0857201","44,3492088","47,7047615"
cutting_D,1771290895806473913,"44,2307701",-5.6,"48,228569","44,5619011","47,6127014"
cutting_D,1771290895906474356,"44,2307701",-5.3,"48,4920692","44,9365082","47,6698418"
cutting_D,1771290896006475333,"45,0307693",-4.4,"47,9873009","44,3111115","46,7936516"
cutting_D,1771290896106476379,"45,2000008",-4.8,"48,2158699","44,2857094","47,5904808"
cutting_D,1771290896206477154,"44,6769218",-5.7,"48,0730209","44,6380997","47,8031807"
cutting_D,1771290896306478180,"44,2307701",-5.1,"48,0825386","44,5365105","47,7111092"
cutting_D,1771290896406478898,"44,1384583",-5.5,"48,1333389","44,2603188","47,2984085"
cutting_D,1771290896506480075,"43,5999985",-4.8,"48,0825386","44,2634888","47,5587311"
cutting_D,1771290896606482118,"43,6923103",-5.1,"48,2095299","44,1555595","47,5682602"
cutting_D,1771290896706481874,"43,1538506",-5.3,"48,0190506","44,4253998","47,5047607"
cutting_D,1771290896806483044,"43,6923103",-5.3,"48,225399","44,4539719","47,5746002"
cutting_D,1771290896906483520,"44,1384583",-5.4,"48,1555595","44,6539688","47,5682602"
cutting_D,1771290897006484464,"44,4923096",-5.0,"48,2000008","44,7999992","47,7650795"
cutting_D,1771290897106486383,"45,0307693",-5.0,"48,2222214","44,9492111","48,228569"
cutting_D,1771290897206486506,"45,2923088",-5.1,"47,9079399","44,5587311","47,4825401"
cutting_D,1771290897306487764,"44,8461494",-4.8,"48,2952385","44,2825394","47,4000015"
cutting_D,1771290897406488961,"44,58461",-5.1,"48,079361","44,4825401","47,7333298"
cutting_D,1771290897506489052,"44,3076897",-4.9,"48,1587296","44,8063507","47,69841"
cutting_D,1771290897606490313,"43,5076904",-5.3,"48,4000015","44,4634895","47,6888885"
cutting_D,1771290897706491452,"43,41539",-5.6,"48,0857201","44,2793694","47,4000015"
cutting_D,1771290897806492066,"43,3230782",-4.9,"48,533329","44,2190514","47,4476204"
cutting_D,1771290897906492803,"43,9538498",-5.0,"48,228569","44,3269806","47,5174599"
cutting_D,1771290898006493577,"44,3076897",-5.2,"48,1428604","44,7492104","47,8095207"
cutting_D,1771290898106494957,"45,0307693",-5.3,"48,3365097","44,7333298","47,2571411"
cutting_D,1771290898206496700,"45,3846207",-5.1,"48,2571411","44,6571388","47,6476212"
cutting_D,1771290898306496475,"45,2923088",-4.6,"48,2317505","44,8031807","48,3079414"
cutting_D,1771290898406497760,"44,4923096",-4.6,"48,0317497","44,4158707","47,0920601"
cutting_D,1771290898506498620,"44,753849",-5.0,"48,3619003","44,5460281","47,8761902"
cutting_D,1771290898606499542,"44,0461502",-5.3,"48,4000015","44,5650787","47,8539696"
cutting_D,1771290898706500858,"43,5999985",-5.8,"48,2634888","44,8158684","47,7523804"
cutting_D,1771290898806502065,"42,9692307",-5.3,"48,3238106","44,7777786","48,2571411"
cutting_D,1771290898906502218,"43,7846107",-4.9,"48,0825386","44,5111084","47,5460281"
cutting_D,1771290899006506289,"44,2307701",-5.1,"48,1936493","44,165081","47,3777809"
cutting_D,1771290899106504592,"44,4923096",-5.1,"48,1523819","44,3301582","47,6031799"
cutting_D,1771290899206505990,"45,2000008",-5.5,"48,0730209","44,9269791","47,7111092"
cutting_D,1771290899306505863,"45,7384605",-5.5,"48,2412682","45,5015907","48,1587296"
cutting_D,1771290899406506906,"45,2000008",-4.8,"48,1523819","44,4857101","47,4222183"
cutting_D,1771290899506507803,"44,4000015",-4.9,"48,3206406","44,3396797","47,8825417"
cutting_D,1771290899606508957,"44,4923096",-4.9,"48,0984116","44,4539719","47,4476204"
cutting_D,1771290899706510734,"44,0461502",-5.7,"48,2222214","44,6571388","47,6825409"
cutting_D,1771290899806510895,"43,8615417",-5.8,"48,4825401","44,6285706","47,5904808"
cutting_D,1771290899906511290,"43,0615387",-5.2,"48,2380905","44,6920586","47,8539696"
cutting_D,1771290900006512665,"44,1384583",-5.3,"48,473011","44,4095192","47,9396782"
cutting_D,1771290900106513570,"44,58461",-5.0,"48,0698395","44,7269897","47,6285706"
cutting_D,1771290900206515857,"44,8461494",-4.9,"48,3365097","43,7873001","46,8666687"
cutting_D,1771290900306515058,"45,2923088",-5.4,"48,3682594","44,6317482","47,7936516"
cutting_D,1771290900406516307,"45,7384605",-4.9,"48,4380989","44,9809494","47,5492096"
cutting_D,1771290900506517105,"44,9384613",-5.6,"48,533329","44,5428581","47,9396782"
cutting_D,1771290900606517824,"44,753849",-4.7,"47,8761902","44,2190514","47,5809517"
cutting_D,1771290900706520227,"44,4000015",-4.9,"48,0730209","43,6285706","48,860321"
cutting_D,1771290900806519947,"43,9538498",-5.3,"48,2984085","44,0412712","47,3841286"
cutting_D,1771290900906520774,"43,6923103",-5.3,"48,7047615","45,2476196","47,7079391"
cutting_D,1771290901006521834,"43,41539",-5.7,"48,4444504","44,7206306","48,2761917"
cutting_D,1771290901106522473,"44,0461502",-5.0,"48,4158707","44,1873016","47,2031708"
cutting_D,1771290901206527119,"44,58461",-5.0,"47,9333305","44,0634918","47,30476"
cutting_D,1771290901306524365,"44,9384613",-5.0,"47,8539696","44,3174591","47,165081"
cutting_D,1771290901406525718,"45,2000008",-4.5,"48,1238098","44,2793694","47,3333397"
cutting_D,1771290901506525817,"45,6461487",-5.5,"48,1809502","45,0222206","47,5460281"
cutting_D,1771290901606527306,"44,8461494",-5.2,"48,2571411","44,7142906","47,7111092"
cutting_D,1771290901706529832,"45,2000008",-5.3,"48,4031792","44,7396889","48,079361"
cutting_D,1771290901806528870,"44,4000015",-5.1,"48,0285683","44,4031792","47,30476"
cutting_D,1771290901906529440,"43,9538498",-4.5,"48,228569","44,3428612","47,3968315"
cutting_D,1771290902006530574,"43,3230782",-5.5,"48,0984116","44,2761917","47,1777802"
cutting_D,1771290902106532341,"44,2307701",-5.4,"48,1365089","44,9301605","47,7968292"
cutting_D,1771290902206536968,"44,4000015",-5.9,"48,3745995","44,8825417","48,0920601"
cutting_D,1771290902306533458,"44,753849",-5.1,"48,0634918","44,2507896","47,3650818"
cutting_D,1771290902406534544,"45,3846207",-4.8,"48,3428612","44,1714287","47,3365097"
cutting_D,1771290902506535419,"45,8307686",-5.0,"48,2317505","44,0634918","47,2158699"
cutting_D,1771290902606537271,"45,5692291",-5.1,"48,2380905","44,4222183","47,39048"
cutting_D,1771290902706539491,"44,9384613",-5.8,"48,3872986","45,2761917","47,9682503"
cutting_D,1771290902806537959,"45,0307693",-5.6,"48,1904793","44,3428612","47,6254005"
cutting_D,1771290902906539285,"44,3076897",-5.0,"48,0730209","44,2222214","47,5428581"
cutting_D,1771290903006540204,"44,0461502",-5.0,"48,0730209","44,4000015","47,5587311"
cutting_D,1771290903106541208,"43,3230782",-5.1,"48,3269806","44,2634888","47,3619003"
cutting_D,1771290903206543826,"44,3076897",-5.8,"48,3396797","45,139679","47,4857101"
cutting_D,1771290903306542840,"44,6769218",-5.3,"48,4412689","44,9238091","48,228569"
cutting_D,1771290903406543985,"44,9384613",-5.0,"48,6031799","44,6507912","47,8126984"
cutting_D,1771290903506545820,"45,2923088",-5.0,"48,0539703","44,5523796","47,3872986"
cutting_D,1771290903606546156,"46,2769203",-4.9,"48,2952385","43,920639","47,533329"
cutting_D,1771290903706548984,"45,2923088",-5.6,"48,225399","44,4031792","47,4317513"
cutting_D,1771290903806547307,"45,2000008",-5.3,"48,2095299","44,8761902","47,5555611"
cutting_D,1771290903906548270,"44,8461494",-5.3,"49,7587318","45,5460281","48,4127007"
cutting_D,1771290904006549225,"44,58461",-5.2,"48,2000008","44,4095192","47,6476212"
cutting_D,1771290904106550468,"43,9538498",-5.5,"48,165081","44,2476196","47,526989"
cutting_D,1771290904206555118,"43,5999985",-5.3,"48,0857201","44,5174599","47,6349182"
cutting_D,1771290904306552149,"44,1384583",-4.8,"48,2698402","44,7650795","47,5523796"
cutting_D,1771290904406552837,"44,6769218",-5.2,"48,3682594","44,5206299","47,530159"
cutting_D,1771290904506553495,"44,9384613",-5.1,"48,1365089","44,6412697","47,5555611"
cutting_D,1771290904606554860,"45,2000008",-5.5,"48,3301582","43,8825417","47,2698402"
cutting_D,1771290904706557196,"46,0153809",-5.1,"48,0857201","44,5111084","47,5555611"
cutting_D,1771290904806558221,"45,2923088",-4.8,"48,1714287","44,3301582","47,4285698"
cutting_D,1771290904906557465,"45,2923088",-5.0,"48,0730209","44,4031792","47,1428604"
cutting_D,1771290905006558672,"44,58461",-5.1,"48,2571411","44,7555618","47,9301605"
cutting_D,1771290905106559775,"44,4000015",-5.9,"48,30159","44,7873001","48,5555611"
cutting_D,1771290905206562369,"43,6923103",-5.1,"48,1745987","44,4190483","47,3142891"
cutting_D,1771290905306561526,"44,0461502",-4.8,"48,1968307","44,2349205","47,5047607"
cutting_D,1771290905406562420,"44,2307701",-5.0,"48,0920601","44,1809502","47,139679"
cutting_D,1771290905506563724,"44,8461494",-5.0,"48,1587296","44,8698387","47,5111084"
cutting_D,1771290905606564423,"45,2923088",-5.8,"47,9650803",45,"48,6539688"
cutting_D,1771290905706567421,"45,9230804",-5.5,"47,9650803","44,3301582","47,3587303"
cutting_D,1771290905806565545,"46,0153809",-4.7,"48,1841316","43,7492104","47,30476"
cutting_D,1771290905906566803,"45,4769211",-5.0,"47,2825394","44,0190506","47,4095192"
cutting_D,1771290906006568217,"45,3846207",-4.9,"48,1555595","44,2888908","47,1206398"
cutting_D,1771290906106568730,"44,6769218",-5.8,"48,2380905","45,2317505","47,9365082"
cutting_D,1771290906206569761,"44,1384583",-5.3,"47,4920692","44,1904793","47,5111084"
cutting_D,1771290906306570740,"43,8615417",-5.4,"47,9460297","44,1206398","47,533329"
cutting_D,1771290906406571312,"44,3076897",-5.1,"47,8952408","44,1301613","47,2095299"
cutting_D,1771290906506572093,"44,4923096",-4.8,"48,1079407","43,7269897","47,1714287"
cutting_D,1771290906606573809,"44,9384613",-5.6,"47,99683","44,2507896","47,1841316"
cutting_D,1771290906706574924,"45,4769211",-5.4,"48,0095291","45,1015892","47,4539719"
cutting_D,1771290906806575104,"46,1846199",-5.3,"48,165081","44,99683","48,3301582"
cutting_D,1771290906906575866,"45,5692291",-5.0,"48,0952415","44,3745995","47,6254005"
cutting_D,1771290907006577470,"44,9384613",-4.8,"48,2158699","43,6920586","46,8126984"
cutting_D,1771290907106578363,"44,8461494",-5.6,"48,1333389","44,3682594","47,9301605"
cutting_D,1771290907206578738,"44,753849",-5.3,"48,1714287","45,1492119","47,0539703"
cutting_D,1771290907306579866,"44,0461502",-5.3,"48,4603195","45,1238098","48,2444496"
cutting_D,1771290907406580669,"43,7846107",-5.4,"48,1301613","44,2222214","47,39048"
cutting_D,1771290907506581419,"44,4000015",-5.3,"48,2603188","44,3111115","47,7047615"
cutting_D,1771290907606582566,"44,9384613",-5.3,"48,0349197","44,4380989","47,3269806"
cutting_D,1771290907706583652,"45,0307693",-4.7,"48,1142807","44,5746002","47,5396805"
cutting_D,1771290907806584461,"45,7384605",-5.0,"48,3238106","44,9142914","47,8031807"
cutting_D,1771290907906581463,"46,0153809",-5.2,"48,1269798","44,6603203","47,6698418"
cutting_D,1771290908006586083,"45,4769211",-5.3,"48,5841293","44,3587303","47,9936485"
cutting_D,1771290908106588166,"44,9384613",-5.1,"48,2698402","44,5523796","47,39048"
cutting_D,1771290908206587780,"44,8461494",-5.2,"48,3523788","44,1047592","47,4127007"
cutting_D,1771290908306588954,"44,58461",-5.0,"48,139679","44,5682602","47,1936493"
cutting_D,1771290908406589807,"44,4000015",-5.2,"48,0984116","44,9174614","47,7619095"
cutting_D,1771290908506591348,"43,7846107",-5.5,"48,5428581","44,9492111","48,30159"
cutting_D,1771290908606591953,"44,1384583",-5.3,"48,3301582","44,3428612","47,4063492"
cutting_D,1771290908706592232,"44,9384613",-5.2,"48,2380905","44,2888908","47,7904816"
cutting_D,1771290908806593806,"45,2000008",-4.7,"48,0381012","43,8063507","46,8793602"
cutting_D,1771290908906594931,"45,8307686",-4.6,"48,0158691","44,7365112","47,5619011"
cutting_D,1771290909006595604,"45,8307686",-5.3,"48,3428612","45,2666702","48,0444489"
cutting_D,1771290909106596481,"45,5692291",-5.6,"48,1047592","44,1714287","47,4190483"
cutting_D,1771290909206597087,"45,1230812",-5.7,"48,4158707","44,2444496","47,8095207"
cutting_D,1771290909306598328,"44,8461494",-4.8,"48,1936493","44,5587311","47,6317482"
cutting_D,1771290909406599223,"44,2307701",-4.6,"48,168251","44,2825394","46,6571388"
cutting_D,1771290909506601846,"44,0461502",-5.4,"48,2095299","44,4095192","48,3936501"
cutting_D,1771290909606601104,"43,8615417",-5.3,"48,1111107","44,4158707","47,8539696"
cutting_D,1771290909706601994,"44,753849",-5.7,"48,4888916","44,5111084","48,0698395"
cutting_D,1771290909806603270,"45,1230812",-5.0,"48,2444496","44,6349182","47,4222183"
cutting_D,1771290909906603809,"45,5692291",-4.9,"48,2444496","44,0317497","47,5079384"
cutting_D,1771290910006604746,"46,0153809",-5.1,"48,1365089","43,99683","46,7492104"
cutting_D,1771290910106602153,"46,0153809",-5.0,"48,0253983","45,0063515","48,0444489"
cutting_D,1771290910206606892,"45,3846207",-5.8,"48,3142891","44,9142914","48,228569"
cutting_D,1771290910306607422,"45,3846207",-5.2,"48,0253983","44,3587303","47,5396805"
cutting_D,1771290910406608463,"44,753849",-5.1,"48,5777817","43,7841301","47,6571388"
cutting_D,1771290910506609287,"44,0461502",-5.2,"47,860321","43,8381004","47,5460281"
cutting_D,1771290910606610587,"43,8615417",-5.0,"48,00317","44,6127014","47,3587303"
cutting_D,1771290910706611255,"44,3076897",-5.8,"47,8444405","45,2476196","47,7365112"
cutting_D,1771290910806611947,"44,753849",-5.0,"48,2031708","44,39048","47,5809517"
cutting_D,1771290910906612871,"44,9384613",-5.1,"48,7047615","44,4158707","47,8571396"
cutting_D,1771290911006614152,"45,7384605",-5.3,"47,9777794","44,5206299","47,3365097"
cutting_D,1771290911106614900,"46,2769203",-5.0,"48,1015892","43,9269791","47,2666702"
cutting_D,1771290911206615959,"45,8307686",-5.3,"48,1015892","44,2666702","47,1269798"
cutting_D,1771290911306616757,"45,0307693",-4.6,"48,1238098","44,9365082","48,0349197"
cutting_D,1771290911406617548,"45,2000008",-5.4,"48,5047607","44,4634895","47,6603203"
cutting_D,1771290911506618580,"44,8461494",-5.5,"48,0539703","44,5872993","47,5111084"
cutting_D,1771290911606619673,"44,4923096",-5.1,"48,2666702","44,0888901","47,4000015"
cutting_D,1771290911706620581,"43,6923103",-5.5,"48,0761909","45,4571419","46,7079391"
cutting_D,1771290911806621394,"44,4923096",-4.6,"47,9238091","45,1333389","48,0920601"
cutting_D,1771290911906622079,"44,753849",-5.0,"48,0857201","45,3396797","48,0317497"
cutting_D,1771290912006623576,"44,8461494",-5.1,"47,7968292","44,4222183","47,7809486"
cutting_D,1771290912106624798,"45,6461487",-5.3,"48,7269897","44,00317","47,2761917"
cutting_D,1771290912206625085,"46,1076889",-5.0,"47,99683","44,1047592","47,1365089"
cutting_D,1771290912306625602,"45,4769211",-4.6,"47,9809494","44,5872993","47,6476212"
cutting_D,1771290912406626824,"44,9384613",-4.7,"48,0507889","45,0412712","47,60952"
cutting_D,1771290912506628266,"44,753849",-5.2,"48,00317","44,5587311","47,4888916"
cutting_D,1771290912606628646,"44,4000015",-5.7,"48,469841","44,2984085","47,5904808"
cutting_D,1771290912706633529,"44,1384583",-5.6,"48,1079407","44,5238113","47,69524"
cutting_D,1771290912806631236,"43,5076904",-4.9,"48,168251","44,3206406","47,2793694"
cutting_D,1771290912906631428,"44,4000015",-4.8,"48,0317497","45,0095291","47,5968208"
cutting_D,1771290913006632631,"44,753849",-4.9,"48,0603218","44,6317482","47,4222183"
cutting_D,1771290913106633563,"45,2923088",-5.7,"48,4190483","45,2730217","48,5904808"
cutting_D,1771290913206638519,"45,7384605",-5.3,"48,30159","44,8793602",48
cutting_D,1771290913306635275,"46,1846199",-5.0,"48,4000015","44,0888901","47,4412689"
cutting_D,1771290913406636116,"45,2923088",-5.0,"48,2095299","44,0888901","47,6888885"
cutting_D,1771290913506637192,"45,4769211",-4.8,"47,7460289","44,7777786","47,6761894"
cutting_D,1771290913606638235,"44,4923096",-5.7,"48,1873016","45,1428604","48,1428604"
cutting_D,1771290913706641012,"44,1384583",-5.1,"48,1174583","44,5428581","47,4761887"
cutting_D,1771290913806639916,"43,8615417",-5.6,"48,3777809","44,1079407","47,4285698"
cutting_D,1771290913906640511,"44,1384583",-5.2,"48,1428604","44,2095299","47,3872986"
cutting_D,1771290914006641836,"44,58461",-4.7,"47,9936485","44,6158791","47,39048"
cutting_D,1771290914106643269,"44,9384613",-5.2,"48,2158699","45,1333389","47,7142906"
cutting_D,1771290914206646519,"45,4769211",-5.2,"48,2095299","44,6254005","47,6920586"
cutting_D,1771290914306644164,"45,8307686",-5.3,"48,2158699","44,5460281","48,4000015"
cutting_D,1771290914406645227,"45,8307686",-4.9,"48,6222191","44,8158684","47,7301598"
cutting_D,1771290914506646198,"44,9384613",-4.7,"48,2507896","44,225399","47,2634888"
cutting_D,1771290914606647676,"45,4769211",-5.5,"48,1206398","44,6666718","47,9111099"
cutting_D,1771290914706645641,"44,58461",-4.7,"48,0190506","44,7936516","47,860321"
cutting_D,1771290914806649350,"44,2307701",-5.3,"48,2984085","44,6507912","48,1745987"
cutting_D,1771290914906650009,"43,41539",-5.3,"48,0888901","44,5460281","47,3396797"
cutting_D,1771290915006651068,"44,6769218",-5.1,"48,2349205","44,00317","47,2857094"
cutting_D,1771290915106652195,"44,9384613",-5.3,"48,1174583","43,2666702","46,6285706"
cutting_D,1771290915206655744,"44,753849",-4.8,"47,8825417","44,7999992","47,6761894"
cutting_D,1771290915306653630,"45,2923088",-5.0,"47,9873009","44,7174606","47,7841301"
cutting_D,1771290915406654794,"46,0153809",-4.9,"48,0095291","44,2825394","47,4000015"
cutting_D,1771290915506655853,"45,5692291",-5.1,"48,4349213","44,5396805","47,9238091"
cutting_D,1771290915606656802,"44,9384613",-5.2,"47,6634903","44,2380905","47,3968315"
cutting_D,1771290915706660335,"45,1230812",-4.9,"48,3523788","44,9111099","47,9047585"
cutting_D,1771290915806658531,"44,58461",-5.1,"48,4349213","45,0539703","48,0444489"
cutting_D,1771290915906659384,"44,3076897",-5.0,"48,00317","44,473011","47,469841"
cutting_D,1771290916006660550,"43,5999985",-5.2,"48,2984085","44,6888885","48,1079407"
cutting_D,1771290916106660643,"44,4923096",-6.0,"48,2920609","44,8412704","47,7015915"
cutting_D,1771290916206665446,"44,753849",-5.1,"48,473011","44,1809502","47,2698402"
cutting_D,1771290916306663182,"45,0307693",-4.9,"48,2666702","44,0190506","46,831749"
cutting_D,1771290916406663707,"45,3846207",-4.8,"47,9333305","44,6254005","47,3555603"
cutting_D,1771290916506664789,"46,1846199",-5.0,"48,3777809","45,1206398","48,5777817"
cutting_D,1771290916606665741,"45,2000008",-5.5,"48,4095192","44,6730194","47,5079384"
cutting_D,1771290916706669942,"45,2923088",-5.4,"49,1587296","44,0634918","47,7555618"
cutting_D,1771290916806667649,"44,8461494",-5.1,"48,0634918","44,1745987","47,1111107"
cutting_D,1771290916906668376,"44,6769218",-4.9,"48,0603218","44,6730194","47,7492104"
cutting_D,1771290917006670506,"43,9538498",-5.2,"48,2952385","44,9492111","47,9777794"
cutting_D,1771290917106670359,"43,6923103",-5.7,"48,2444496","44,3174591","47,2349205"
cutting_D,1771290917206673624,"44,2307701",-5.3,"48,7682495","44,3682594","47,5142899"
cutting_D,1771290917306671930,"44,9384613",-5.1,"48,0952415","44,7079391","47,7968292"
cutting_D,1771290917406673423,"45,0307693",-5.1,"47,8888893","44,4095192","47,1460304"
cutting_D,1771290917506673944,"45,6461487",-4.9,"48,1174583","44,7301598","47,6793709"
cutting_D,1771290917606675442,"45,8307686",-4.9,"48,0381012","44,60952","48,0952415"
cutting_D,1771290917706677909,"45,0307693",-5.4,"48,3650818","43,9682503","48,2190514"
cutting_D,1771290917806677266,"45,1230812",-5.1,"48,1968307","44,9269791","47,4634895"
cutting_D,1771290917906677736,"44,4923096",-5.2,"48,4222183","44,2222214","47,5111084"
cutting_D,1771290918006678838,"43,9538498",-5.1,"47,9777794","44,3206406","47,7047615"
cutting_D,1771290918106680100,"43,5999985",-5.2,"48,0317497","44,8158684","47,4190483"
cutting_D,1771290918206682712,"44,0461502",-5.3,"48,4412689","44,4285698","47,7396889"
cutting_D,1771290918306681371,"44,1384583",-4.6,"48,0126991","44,6063499","47,831749"
cutting_D,1771290918406682480,"44,753849",-5.3,"48,3523788","44,4285698","47,7619095"
cutting_D,1771290918506683758,"45,0307693",-5.2,"48,3079414","44,1809502","47,7365112"
cutting_D,1771290918606685907,"45,8307686",-4.9,"48,1079407","44,6634903","47,5809517"
cutting_D,1771290918706687520,"45,2923088",-5.0,"48,1079407","44,6634903","47,5714302"
cutting_D,1771290918806688015,"44,9384613",-4.5,"47,9492111","44,4253998","47,4984093"
cutting_D,1771290918906687230,"44,8461494",-5.4,"48,2857094","44,4380989","47,6603203"
cutting_D,1771290919006687833,"44,58461",-5.5,"48,2857094","44,6761894","47,6380997"
cutting_D,1771290919106688671,"43,9538498",-5.2,"48,2095299","44,4253998","47,2761917"
cutting_D,1771290919206691275,"43,5999985",-5.3,"48,2571411","44,7079391","47,3555603"
cutting_D,1771290919306690724,"44,2307701",-4.6,"47,9682503","44,6730194","47,3745995"
cutting_D,1771290919406691373,"44,3076897",-5.1,"48,1365089","44,9365082","48,30159"
cutting_D,1771290919506692579,"44,4000015",-5.1,"48,1745987","44,5523796","47,3492088"
cutting_D,1771290919606693415,"45,1230812",-5.6,"48,4507904","46,4412689","47,5460281"
cutting_D,1771290919706694210,"45,9230804",-5.1,"48,0317497","44,0730209","47,0603218"
cutting_D,1771290919806695697,"45,2000008",-4.6,"48,1873016","43,7650795","47,5460281"
cutting_D,1771290919906696216,"44,753849",-5.0,"48,0381012","44,7841301","48,1238098"
cutting_D,1771290920006696947,"44,753849",-5.2,"48,2190514","44,3238106","47,4412689"
cutting_D,1771290920106697992,"44,4000015",-5.5,"48,3492088","44,4825401","47,3111115"
cutting_D,1771290920206698657,"43,8615417",-5.7,"48,1936493","44,5460281","47,4603195"
cutting_D,1771290920306700014,"43,246151",-4.9,"48,30476","44,6317482","47,6793709"
cutting_D,1771290920406700670,"43,6923103",-5.2,"48,2603188","44,8507996","47,3555603"
cutting_D,1771290920506701525,"44,4000015",-4.9,"48,0539703","44,3396797","47,8507996"
cutting_D,1771290920606702684,"44,6769218",-5.3,"48,1587296","44,1714287","47,8761902"
cutting_D,1771290920706705251,"45,3846207",-5.2,"47,860321","44,6888885","47,4888916"
cutting_D,1771290920806704400,"45,7384605",-4.9,"48,4349213","44,1079407","47,2412682"
cutting_D,1771290920906705223,"45,0307693",-5.2,"47,9111099","44,4095192","47,9047585"
cutting_D,1771290921006707155,"44,58461",-4.8,"48,00317","44,6507912","47,3428612"
cutting_D,1771290921106707435,"44,4923096",-5.3,"48,2349205","44,4571419","47,9015884"
cutting_D,1771290921206709627,"43,9538498",-5.4,"48,0666695","44,4380989","47,4412689"
cutting_D,1771290921306709176,"43,6923103",-5.4,"48,2349205","44,4825401","47,1079407"
cutting_D,1771290921406709940,"43,41539",-5.4,"48,2190514","44,9714317","48,0063515"
cutting_D,1771290921506711201,"43,8615417",-5.0,"48,1365089","44,6698418","47,7269897"
cutting_D,1771290921606712643,"44,58461",-4.8,"48,3841286","44,1142807","46,7333298"
cutting_D,1771290921706716265,"44,8461494",-4.8,"48,2825394","44,7555618","47,9682503"
cutting_D,1771290921806713471,"45,2923088",-4.9,"48,4444504","44,5777817","47,5111084"
cutting_D,1771290921906714742,"45,2000008",-5.0,"48,3872986","44,6857109","48,0444489"
cutting_D,1771290922006716113,"44,6769218",-5.4,"48,2571411","45,0476189","48,0222206"
cutting_D,1771290922106716588,"44,58461",-5.1,"48,2063484","44,3396797","47,4920692"
cutting_D,1771290922206723751,"44,2307701",-4.6,"48,1777802","44,6031799","47,6539688"
cutting_D,1771290922306718091,"43,6923103",-4.9,"48,30159","44,6380997","47,9460297"
cutting_D,1771290922406719641,"43,6923103",-5.2,"48,2952385","44,5809517","47,4539719"
cutting_D,1771290922506719782,"43,5999985",-5.6,"48,2984085","44,6285706","47,4507904"
cutting_D,1771290922606721207,"44,1384583",-4.8,"48,30476","44,5047607","47,5968208"
cutting_D,1771290922706722811,"44,2307701",-4.5,"48,1809502","44,2634888","47,1142807"
cutting_D,1771290922806723288,"44,753849",-4.7,"48,3841286","44,4793701","47,4095192"
cutting_D,1771290922906723749,"45,2000008",-4.7,"48,1523819","44,3936501","47,6380997"
cutting_D,1771290923006724449,"44,9384613",-5.4,"48,3650818","44,7777786","47,8793602"
cutting_D,1771290923106725708,"44,2307701",-5.6,"48,1460304","45,0698395","48,0253983"
cutting_D,1771290923206728272,"44,753849",-4.9,"48,1142807","44,1841316","47,9047585"
cutting_D,1771290923306727222,"44,0461502",-4.9,"48,2698402","43,8857193","47,4539719"
cutting_D,1771290923406731166,"43,5076904",-4.5,"48,2031708","44,8857193","47,3079414"
cutting_D,1771290923506729470,"43,246151",-5.5,"47,8476181","44,7777786","47,1809502"
cutting_D,1771290923606730015,"43,6923103",-5.5,"48,2507896","44,6031799","47,5492096"
cutting_D,1771290923706732490,"44,2307701",-4.9,"48,1809502","44,3301582","47,4571419"
cutting_D,1771290923806732291,"44,0461502",-4.8,"48,3777809","44,1174583","47,7047615"
cutting_D,1771290923906733455,"44,9384613",-4.6,"48,0412712","44,3745995","47,2603188"
cutting_D,1771290924006733588,"45,2000008",-5.3,"48,1587296","44,3523788","47,8158684"
cutting_D,1771290924106734962,"44,753849",-5.3,"48,225399","44,4603195","47,5492096"
cutting_D,1771290924206738789,"44,1384583",-4.9,"48,2507896","44,9936485","48,079361"
cutting_D,1771290924306736583,"44,3076897",-5.1,"48,2571411","44,60952","47,9587288"
cutting_D,1771290924406737675,"43,6923103",-4.8,"48,0603218","44,3523788","47,3174591"
cutting_D,1771290924506738965,"43,5076904",-5.1,"48,2793694","44,0888901","46,6190491"
cutting_D,1771290924606739577,"42,6153793",-5.1,"48,1301613","44,4476204","47,5841293"
cutting_D,1771290924706742683,"43,3230782",-4.8,"48,2126999","44,6634903","47,4634895"
cutting_D,1771290924806742031,"43,9538498",-5.1,"48,2444496","45,225399","48,3492088"
cutting_D,1771290924906742076,"44,1384583",-4.9,"48,1365089","44,30159","47,5365105"
cutting_D,1771290925006743378,"44,4923096",-5.1,"48,4952393","43,7142906","47,6666718"
cutting_D,1771290925106744162,"44,9384613",-4.6,"48,1714287","44,7365112","47,6254005"
cutting_D,1771290925206747948,"44,3076897",-4.6,"48,30476","44,7301598","47,7587318"
cutting_D,1771290925306746458,"43,8615417",-5.1,"48,0126991","44,469841","47,3142891"
cutting_D,1771290925406747196,"43,6923103",-5.1,"47,9777794","44,4952393","47,526989"
cutting_D,1771290925506747907,"43,0615387",-5.0,"48,1174583","44,0857201","47,6603203"
cutting_D,1771290925606748402,"42,8769188",-5.3,"48,0666695","44,3428612","47,2476196"
cutting_D,1771290925706755011,"42,6153793",-4.3,"48,3492088","44,4317513","47,5841293"
cutting_D,1771290925806750569,"43,3230782",-4.7,"48,1523819","44,2825394","47,2984085"
cutting_D,1771290925906751144,"43,5999985",-5.2,"47,9904785","44,9111099","47,9015884"
cutting_D,1771290926006752891,"44,3076897",-5.3,"48,2063484","44,8254013","48,3587303"
cutting_D,1771290926106753583,"44,4000015",-4.9,"48,1809502","44,3238106","47,2158699"
cutting_D,1771290926206756204,"44,58461",-4.2,"48,1936493","43,8539696","47,0317497"
cutting_D,1771290926306755757,"43,8615417",-4.8,"47,9428596","44,5111084","47,7238083"
cutting_D,1771290926406756205,"44,1384583",-5.1,"48,0666695","44,9936485","47,5904808"
cutting_D,1771290926506753308,"43,3230782",-5.4,"48,3238106","45,0063515","47,8761902"
cutting_D,1771290926606758132,"42,7999992",-5.4,"48,1777802","44,30476","47,4063492"
cutting_D,1771290926706760895,"42,4307709",-4.6,"48,0920601","43,7682495","47,0825386"
cutting_D,1771290926806759820,"42,8769188",-4.7,"48,1111107","44,831749","47,6761894"
cutting_D,1771290926906761322,"42,9692307",-4.7,"47,9174614","45,0476189","48,1809502"
cutting_D,1771290927006761881,"43,246151",-4.9,"48,1714287","44,7079391","47,7809486"
cutting_D,1771290927106762755,"43,6923103",-5.3,"48,1428604","44,6730194","47,8031807"
cutting_D,1771290927206766931,"44,3076897",-4.6,"48,2825394","44,3238106","47,9746094"
cutting_D,1771290927306764519,"43,8615417",-4.6,"48,3079414","44,30159","47,4444504"
cutting_D,1771290927406770509,"43,3230782",-4.6,"48,3174591","44,2888908","47,1587296"
cutting_D,1771290927506766262,"43,6923103",-5.0,"48,0603218","44,4253998","47,2825394"
cutting_D,1771290927606767070,"43,0615387",-5.4,"48,1777802","44,9619102","47,9238091"
cutting_D,1771290927706772408,"42,7076912",-4.9,"48,3872986","44,2476196","48,1079407"
cutting_D,1771290927806769060,"41,8153801",-4.8,"48,5650787","44,3460312","47,3872986"
cutting_D,1771290927906769789,"42,7076912",-4.6,"48,0920601","44,0158691","47,4349213"
cutting_D,1771290928006770555,"42,9692307",-4.5,"48,0317497","44,1111107","47,3777809"
cutting_D,1771290928106771355,"43,246151",-5.1,"47,9301605","45,1745987","47,9873009"
cutting_D,1771290928206774828,"43,6923103",-4.9,"48,4190483","44,6317482","47,8222198"
cutting_D,1771290928306774166,"44,58461",-4.8,"48,3650818","44,2666702","47,5238113"
cutting_D,1771290928406774598,"43,7846107",-4.9,"48,00317","43,9523811","47,7873001"
cutting_D,1771290928506776260,"43,3230782",-4.8,"48,0095291","44,5682602","47,6476212"
cutting_D,1771290928606776425,"43,3230782",-4.8,"48,0507889","45,2444496","47,9650803"
cutting_D,1771290928706779258,"42,9692307",-4.8,"48,2507896","44,3682594","47,7904816"
cutting_D,1771290928806778142,"42,2615395",-5.1,"48,5142899","44,473011","47,7682495"
cutting_D,1771290928906776680,"41,7230797",-4.9,"48,6349182","44,2761917","48,0063515"
cutting_D,1771290929006780143,"42,5230789",-4.7,"48,0952415","45,0222206","47,6698418"
cutting_D,1771290929106781150,"42,9692307",-4.9,"48,0381012","44,3777809","46,8888893"
cutting_D,1771290929206784036,"43,246151",-4.4,"48,1365089","43,920639","47,4095192"
cutting_D,1771290929306782314,"43,5999985",-4.4,"47,9301605","45,5841293","48,4476204"
cutting_D,1771290929406784149,"43,9538498",-4.8,"48,1428604","44,5238113","48,0698395"
cutting_D,1771290929506785005,"43,1538506",-5.3,"48,3111115","44,1174583","47,7111092"
cutting_D,1771290929606785724,"43,246151",-4.6,"48,1365089","43,7365112","47,30476"
cutting_D,1771290929706787385,"42,7076912",-4.5,"48,1587296","44,4507904","47,6031799"
cutting_D,1771290929806787421,"42,2615395",-4.3,"47,8476181","45,0063515","47,7111092"
cutting_D,1771290929906789136,"41,9076881",-5.1,"48,165081","44,4539719","47,9174614"
cutting_D,1771290930006789348,"41,9846191",-5.3,"48,3460312","44,4888916","47,771431"
cutting_D,1771290930106790394,"42,1692314",-4.8,"48,30159","44,1269798","47,4920692"
cutting_D,1771290930206792528,"42,7076912",-4.7,"48,2222214","44,2952385","47,6476212"
cutting_D,1771290930306792315,"42,9692307",-4.0,"47,771431","44,5714302","47,0571404"
cutting_D,1771290930406793563,"43,41539",-4.5,"48,3238106","44,5777817","48,1238098"
cutting_D,1771290930506794491,"43,246151",-5.1,"48,2126999","44,6730194","47,8952408"
cutting_D,1771290930606794959,"42,7999992",-5.1,"48,30476","44,4031792","47,9015884"
cutting_D,1771290930706795609,"42,7076912",-4.9,"48,4158707","44,69841","48,3555603"
cutting_D,1771290930806797126,"42,4307709",-4.1,"47,9015884","45,139679","47,2349205"
cutting_D,1771290930906797877,"41,6307716",-4.3,"48,2190514","44,2444496","48,7809486"
cutting_D,1771290931006799597,"41,4615402",-5.4,"47,9238091","44,7428589","47,7555618"
cutting_D,1771290931106799479,"41,9076881",-4.6,"48,3301582","44,5015907","47,8381004"
cutting_D,1771290931206800347,"41,9846191",-4.9,"48,2984085","44,4317513","47,6666718"
cutting_D,1771290931306801128,"42,3538513",-4.2,"48,1523819","44,5142899","47,2222214"
cutting_D,1771290931406803587,"42,8769188",-4.6,"48,1873016","44,1841316","47,5714302"
cutting_D,1771290931506803605,"43,5076904",-4.6,"47,7809486","45,228569","47,6476212"
cutting_D,1771290931606804209,"42,7999992",-4.6,"47,9111099","44,7301598","47,7111092"
cutting_D,1771290931706804667,"42,4307709",-4.9,"48,4761887","44,4127007","47,6857109"
cutting_D,1771290931806806203,"42,1692314",-4.4,"48,2380905","44,2730217","47,5746002"
cutting_D,1771290931906807400,"42,0769196",-4.8,"48,2444496","44,3523788","47,6254005"
cutting_D,1771290932006808096,"41,4615402",-4.9,"47,7587318","44,7142906","47,2507896"
cutting_D,1771290932106812226,"40,9230804",-4.2,"48,2793694","44,1841316","47,6761894"
cutting_D,1771290932206809695,"41,5384598",-4.8,"48,1873016","44,7682495","47,8254013"
cutting_D,1771290932306810850,"42,0769196",-4.6,"48,3555603","44,7396889","47,9777794"
cutting_D,1771290932406812418,"42,2615395",-4.9,"48,4222183","44,0412712","47,7396889"
cutting_D,1771290932506812536,"42,7999992",-4.8,"47,533329","44,7555618","47,6444397"
cutting_D,1771290932606813477,"43,0615387",-4.2,"48,4000015","44,5492096","47,9396782"
cutting_D,1771290932706813966,"42,4307709",-4.2,"48,2380905","44,5936508","47,5650787"
cutting_D,1771290932806815154,"41,8153801",-4.4,"48,3809509","44,533329","47,6254005"
cutting_D,1771290932906816415,"41,7230797",-4.9,"48,4952393","44,530159","47,9047585"
cutting_D,1771290933006817671,"41,4615402",-4.9,"48,1206398","44,2952385","47,3777809"
cutting_D,1771290933106818059,"41,0923119",-4.5,"48,2666702","44,2095299","47,4857101"
cutting_D,1771290933206818670,"40,8307686",-4.4,"47,9873009","44,1460304","47,0666695"
cutting_D,1771290933306819636,"41,2769203",-4.2,"48,2539711","44,2031708","47,530159"
cutting_D,1771290933406821054,"41,9846191",-4.8,"48,3492088","44,9079399","48,0634918"
cutting_D,1771290933506822272,"42,1692314",-5.1,"48,1428604","44,7777786","47,7142906"
cutting_D,1771290933606822533,"42,7076912",-4.4,"48,4984093","44,2539711","47,8031807"
cutting_D,1771290933706823653,"42,3538513",-4.0,"48,079361","44,165081","47,079361"
cutting_D,1771290933806824574,"41,9846191",-4.0,"48,3492088","44,2761917","47,473011"
cutting_D,1771290933906825581,"41,7230797",-4.4,"47,8063507","44,9269791","48,0444489"
cutting_D,1771290934006826523,"41,5384598",-4.5,"48,0444489","44,168251","47,6761894"
cutting_D,1771290934106827545,"41,0923119",-4.9,"48,0539703","43,771431","47,1841316"
cutting_D,1771290934206828257,"40,7384605",-4.5,"47,8730202","44,7428589","47,7999992"
cutting_D,1771290934306828746,"40,5538406",-4.4,"48,1047592","44,4888916","47,3587303"
cutting_D,1771290934406830875,"41,0923119",-4.3,"47,7682495","44,7619095","48,2412682"
cutting_D,1771290934506831063,"41,4615402",-4.6,"48,1809502","44,5714302","46,9428596"
cutting_D,1771290934606831767,"41,7230797",-4.7,"48,2476196","44,3936501","47,4253998"
cutting_D,1771290934706832987,"42,1692314",-4.2,"48,0158691","44,7238083","47,6412697"
cutting_D,1771290934806833823,"41,8153801",-4.3,"48,4888916","44,225399","47,69841"
cutting_D,1771290934906834109,"41,4615402",-4.2,"48,0095291","44,6412697","47,5523796"
cutting_D,1771290935006835496,"41,1846199",-3.9,"48,1365089","44,2031708","47,0444489"
cutting_D,1771290935106836074,"41,1846199",-4.5,"48,1238098","44,4317513","47,6888885"
cutting_D,1771290935206839474,"40,4769211",-4.1,"48,0603218","44,7650795","47,9269791"
cutting_D,1771290935306838138,"40,1076889",-4.7,"48,2888908","44,168251","47,5492096"
cutting_D,1771290935406841948,"40,2000008",-4.2,"48,1714287","43,99683","46,8793602"
cutting_D,1771290935506840489,"40,6461487",-4.1,"48,1174583","44,225399","47,60952"
cutting_D,1771290935606841186,"40,8307686",-4.6,"47,9111099","45,1492119","48,165081"
cutting_D,1771290935706842604,"41,5384598",-4.1,"47,9555511","45,1174583","47,8381004"
cutting_D,1771290935806842302,"41,9076881",-4.5,"48,469841","44,3809509","48,0444489"
cutting_D,1771290935906843762,"41,4615402",-4.2,"48,1428604","44,3714294","47,4285698"
cutting_D,1771290936006845184,"41,0153809",-4.2,"48,2063484","44,4920692","47,4984093"
cutting_D,1771290936106845815,"40,9230804",-4.3,"48,1587296","45,0476189","47,9682503"
cutting_D,1771290936206847051,"40,7384605",-3.5,"47,9777794","45,0698395","47,860321"
cutting_D,1771290936306847148,"40,2000008",-4.3,"48,3619003","44,1015892","47,4634895"
cutting_D,1771290936406849012,"39,58461",-4.4,"48,168251","44,139679","47,533329"
cutting_D,1771290936506849253,"39,8461494",-4.4,"48,2507896","44,4317513","47,5396805"
cutting_D,1771290936606850260,"40,3846207",-4.4,"48,2444496","44,3365097","47,3555603"
cutting_D,1771290936706851062,"40,7384605",-3.6,"48,0381012","44,5650787","47,3650818"
cutting_D,1771290936806852047,"41,2769203",-4.1,"48,2793694","44,3936501","47,7523804"
cutting_D,1771290936906853649,"41,3692284",-4.3,"48,0317497","44,4095192","47,6698418"
cutting_D,1771290937006854189,"41,0153809",-4.8,"48,3872986","44,9650803","47,9873009"
cutting_D,1771290937106855019,"40,6461487",-4.3,"48,2571411","44,7365112","47,7619095"
cutting_D,1771290937206855412,"40,5538406",-3.5,"48,2793694","44,3333282","47,4412689"
cutting_D,1771290937306856905,"39,9384613",-3.9,"48,1460304","44,7682495","48,1142807"
cutting_D,1771290937406858093,"39,8461494",-4.3,"48,0698395","44,4952393","47,6031799"
cutting_D,1771290937506858546,"39,58461",-4.5,"48,3206406","44,7587318","48,0476189"
cutting_D,1771290937606859561,"39,9384613",-4.7,"48,3523788","44,774601","48,2063484"
cutting_D,1771290937706860329,"40,1076889",-3.8,"48,1238098","44,4603195","47,4507904"
cutting_D,1771290937806861731,"40,5538406",-3.9,"48,2380905","44,6222191","47,7682495"
cutting_D,1771290937906863632,"40,8307686",-3.9,"47,9809494","44,7682495","48,1936493"
cutting_D,1771290938006859679,"40,8307686",-4.4,"48,1777802","44,1968307","48,6698418"
cutting_D,1771290938106864326,"40,3846207",-4.4,"48,1301613","44,920639","47,8984108"
cutting_D,1771290938206865315,"40,3846207",-3.9,"48,1714287","44,4317513","47,4539719"
cutting_D,1771290938306867668,"40,1076889",-3.9,"48,1714287","44,1841316","47,4349213"
cutting_D,1771290938406866678,"39,661541",-3.9,"48,0571404","44,0444489","47,2603188"
cutting_D,1771290938506868086,"39,4000015",-4.1,"48,1968307","44,6507912","47,469841"
cutting_D,1771290938606869051,"39,4000015",-4.3,"48,1745987","44,5174599","47,5111084"
cutting_D,1771290938706869608,"39,661541",-4.1,"48,0444489","44,8063507","47,2634888"
cutting_D,1771290938806870380,"39,58461",-4.1,"48,3269806","43,8539696","47,469841"
cutting_D,1771290938906871953,"40,1076889",-4.2,"48,161911","44,3777809","47,4412689"
cutting_D,1771290939006872579,"40,3846207",-3.7,"48,079361","44,4507904","47,2349205"
cutting_D,1771290939106873228,"40,2923088",-3.7,"48,0857201","44,6698418","47,4857101"
cutting_D,1771290939206874139,"39,8461494",-3.9,"47,7682495","44,5587311","47,5396805"
cutting_D,1771290939306875483,"39,8461494",-4.1,"48,2698402","44,0698395","47,5523796"
cutting_D,1771290939406876355,"39,661541",-4.2,"48,1809502","44,4793701","47,6571388"
cutting_D,1771290939506877228,"39,2153893",-3.8,"48,1301613","44,6222191","47,3206406"
cutting_D,1771290939606878175,"38,7692299",-3.6,"48,3714294","44,4095192","47,5809517"
cutting_D,1771290939706878957,"38,8615417",-3.7,"47,9111099","44,9555511","47,7999992"
cutting_D,1771290939806879804,"39,1384583",-3.9,"48,2825394","44,3301582","48,1015892"
cutting_D,1771290939906880751,"39,58461",-4.7,"47,8857193","44,4507904","47,7047615"
cutting_D,1771290940006881833,"39,8461494",-3.6,"48,6634903","44,2190514","46,8507996"
cutting_D,1771290940106882454,"40,2000008",-3.7,"48,2507896","44,6857109","47,5968208"
cutting_D,1771290940206883265,"39,4923096",-3.6,"47,6127014","45,0507889","47,4127007"
cutting_D,1771290940306884430,"39,4000015",-3.7,"48,473011","44,69524","47,5936508"
cutting_D,1771290940406881362,"39,1384583",-4.3,"47,3555603","44,9936485","47,1365089"
cutting_D,1771290940506886713,"38,9538498",-4.1,"47,9269791","44,2126999","47,30159"
cutting_D,1771290940606887397,"38,5999985",-3.8,"48,3206406","44,1904793","47,3714294"
cutting_D,1771290940706887911,"38,3230782",-3.6,"47,9523811","45,0476189","47,7555618"
cutting_D,1771290940806889189,"38,5076904",-3.6,"48,228569","44,4285698","47,8031807"
cutting_D,1771290940906889914,"38,7692299",-4.4,"48,0698395","44,5999985","47,8571396"
cutting_D,1771290941006892095,"39,1384583",-4.1,"48,3428612","43,9714317","47,3555603"
cutting_D,1771290941106891645,"39,3076897",-4.2,"48,533329","44,5079384","47,7047615"
cutting_D,1771290941206893198,"39,4923096",-3.7,"47,9365082","45,228569","47,9523811"
cutting_D,1771290941306893389,"38,7692299",-3.5,"48,3079414","44,3333282","47,7650795"
cutting_D,1771290941406894865,"38,8615417",-4.2,"47,6031799","44,3523788","47,3396797"
cutting_D,1771290941506895546,"38,5076904",-3.9,"48,3809509","44,4952393","48,079361"
cutting_D,1771290941606896434,"38,3230782",-4.1,"48,5936508","44,5714302","47,8952408"
cutting_D,1771290941706897132,"37,9692307",-3.8,"48,1142807","44,8730202","47,6571388"
cutting_D,1771290941806898309,"38,0615387",-3.6,"48,3428612","44,2126999","47,5174599"
cutting_D,1771290941906899502,"38,2307701",-4.0,"48,0761909","44,168251","47,3936501"
cutting_D,1771290942006900546,"38,3230782",-3.9,"48,469841","44,4317513","47,4285698"
cutting_D,1771290942106901044,"38,41539",-3.9,"48,3650818","44,30476","47,6412697"
cutting_D,1771290942206902060,"38,7692299",-3.7,"48,0507889","44,5650787","47,5587311"
cutting_D,1771290942306902920,"38,5999985",-3.7,"48,4634895","44,2317505","47,8507996"
cutting_D,1771290942406903489,"38,3230782",-4.0,"47,9079399","44,4095192","47,2126999"
cutting_D,1771290942506905337,"38,2307701",-3.4,"48,2571411","44,161911","47,6539688"
cutting_D,1771290942606905666,"37,9692307",-3.5,"48,4444504","44,2349205","47,8476181"
cutting_D,1771290942706906856,"37,7076912",-3.5,"47,9746094","44,3460312","47,7238083"
cutting_D,1771290942806904227,"37,1692314",-3.8,"48,9047585","44,2920609","47,774601"
cutting_D,1771290942906908461,"37,4307709",-3.9,"48,0857201","44,4984093","47,6222191"
cutting_D,1771290943006909474,"37,4307709",-3.9,"48,6031799","44,0063515","47,0571404"
cutting_D,1771290943106910476,"37,7076912",-3.5,"48,2126999","44,6920586","47,8222198"
cutting_D,1771290943206911570,"37,9692307",-3.2,"47,9460297","44,8920593","48,0095291"
cutting_D,1771290943306912039,"38,3230782",-3.9,"48,3396797","44,5523796","48,1206398"
cutting_D,1771290943406912906,"37,7846107",-4.1,"48,1079407","44,7301598","47,079361"
cutting_D,1771290943506914028,"37,7846107",-3.6,"49,1206398","44,1968307","47,473011"
cutting_D,1771290943606915080,"37,4307709",-3.2,"48,0095291","44,5999985","48,6857109"
cutting_D,1771290943706917168,"37,338459",-3.1,"47,69524","44,7968292","47,8825417"
cutting_D,1771290943806916637,"36,9846191",-3.7,"48,1809502","44,1365089","47,6920586"
cutting_D,1771290943906917399,"36,7230797",-4.3,"48,1777802","44,2539711","47,3523788"
cutting_D,1771290944006918510,"36,6307716",-4.3,"48,3809509","43,9777794","47,5714302"
cutting_D,1771290944106919483,"36,9846191",-3.4,"48,1079407","44,5682602","47,9682503"
cutting_D,1771290944206920649,"37,2615395",-3.2,"47,9079399","45,0603218","47,7619095"
cutting_D,1771290944306921246,"37,5230789",-3.7,"48,2634888","44,1555595","47,7587318"
cutting_D,1771290944406921958,"37,6153793",-3.7,"48,0444489","44,1714287","47,3936501"
cutting_D,1771290944506923264,"37,0769196",-4.1,"48,2222214","44,5587311","47,8158684"
cutting_D,1771290944606924315,"36,8923111",-3.6,"48,2126999","44,533329","47,5523796"
cutting_D,1771290944706925090,"36,7230797",-3.4,"48,1015892","44,9111099","48,1841316"
cutting_D,1771290944806925953,"36,5384598",-3.5,"48,228569","44,3079414","47,7015915"
cutting_D,1771290944906927500,"36,0923119",-3.8,"48,0253983","44,3111115","47,4349213"
cutting_D,1771290945006928480,"36,1846199",-4.1,"48,4190483","44,6507912","47,9460297"
cutting_D,1771290945106928908,"36,1846199",-3.8,"48,3079414","44,9111099","47,7333298"
cutting_D,1771290945206929885,"36,4461594",-3.6,"48,2000008","44,1047592","47,2222214"
cutting_D,1771290945306930793,"36,4461594",-3.7,"48,30159","44,7079391","47,7460289"
cutting_D,1771290945406931542,"36,8153801",-3.2,"47,9460297","44,6412697","47,4317513"
cutting_D,1771290945506932322,"36,6307716",-3.9,"47,8158684","44,4476204","47,5428581"
cutting_D,1771290945606933177,"36,3692284",-3.7,"48,3650818","43,9365082","47,5238113"
cutting_D,1771290945706934298,"36,2769203",-3.8,"48,4920692","44,1015892","47,8063507"
cutting_D,1771290945806935910,"36,0923119",-3.7,"48,165081","44,2507896","47,1936493"
cutting_D,1771290945906937392,"35,8307686",-3.6,"48,1587296","45,1111107","47,8381004"
cutting_D,1771290946006937114,"35,6461487",-3.5,"48,1745987","44,8444405","47,4095192"
cutting_D,1771290946106937663,"35,5538406",-3.5,"48,2444496","44,2857094","47,6349182"
cutting_D,1771290946206939590,"35,7384605",-3.8,"48,2920609","44,225399","47,69524"
cutting_D,1771290946306939886,"35,7384605",-3.9,"48,2063484","44,9555511","47,5492096"
cutting_D,1771290946406940779,"35,7384605",-3.7,"48,2349205","44,7079391","47,6031799"
cutting_D,1771290946506941691,"36,1846199",-3.7,"47,9174614","44,6571388","47,7333298"
cutting_D,1771290946606942479,"35,9076881",-3.2,"48,0507889","44,0476189","47,0285683"
cutting_D,1771290946706943570,"35,7384605",-3.5,"48,3174591","44,5079384","47,5872993"
cutting_D,1771290946806944353,"35,4615402",-3.7,"48,228569","44,7650795","47,4253998"
cutting_D,1771290946906944868,"35,6461487",-4.2,"48,2888908","44,8920593","47,9841309"
cutting_D,1771290947006946293,"35,1076889",-3.7,"48,0539703","44,6222191","47,6888885"
cutting_D,1771290947106947242,"34,8461494",-3.4,"48,0984116","44,2190514","47,6254005"
cutting_D,1771290947206948539,"34,753849",-3.3,"47,6666718","44,3396797","47,60952"
cutting_D,1771290947306949238,"34,9384613",-3.5,"48,2857094","44,9301605","47,6698418"
cutting_D,1771290947406950005,"34,9384613",-4.3,"48,5555611","44,2952385","47,5460281"
cutting_D,1771290947506947531,"35,2923088",-3.9,"48,0857201","44,7873001","47,7809486"
cutting_D,1771290947606951961,"35,3846207",-3.5,"48,3365097","44,3142891","47,6317482"
cutting_D,1771290947706952779,"35,0153809",-3.2,"48,2349205","44,4507904","47,6507912"
cutting_D,1771290947806953812,"34,8461494",-3.2,"47,8698387","44,5142899","47,3682594"
cutting_D,1771290947906954758,"34,753849",-4.2,"48,2634888","44,1523819","47,4571419"
cutting_D,1771290948006955752,"34,5692291",-4.2,"48,1714287","44,7301598","47,7555618"
cutting_D,1771290948106956402,"34,2153893",-3.6,"48,3174591","44,4349213","47,8063507"
cutting_D,1771290948206957625,"34,0461502",-3.4,"48,0444489","44,6857109","47,6698418"
cutting_D,1771290948306958422,"34,0461502",-3.3,"47,9714317","44,6127014","47,7492104"
cutting_D,1771290948406960159,"34,3076897",-4.2,"48,3587303","44,2666702","47,6031799"
cutting_D,1771290948506960470,"34,4000015",-3.9,"48,3936501","44,8730202","47,9174614"
cutting_D,1771290948606962116,"34,661541",-3.8,"48,5206299","44,3333282","47,2000008"
cutting_D,1771290948706961774,"34,4000015",-3.7,"48,3174591","44,771431","47,8031807"
cutting_D,1771290948806963629,"34,2153893",-3.3,"48,2095299","44,6222191","47,30476"
cutting_D,1771290948906963547,"34,0461502",-3.9,"48,2063484","44,3365097","47,2412682"
cutting_D,1771290949006964640,"33,9538498",-3.9,"48,0634918","44,3872986","48,0476189"
cutting_D,1771290949106966411,"33,6769218",-3.6,"48,3555603","44,4825401","47,39048"
cutting_D,1771290949206966478,"33,41539",-3.8,"48,2222214","44,6761894","47,8793602"
cutting_D,1771290949306967400,"33,41539",-3.6,"48,1301613","44,6285706","47,5174599"
cutting_D,1771290949406968220,"33,5076904",-4.1,"48,1587296","44,3301582","47,5999985"
cutting_D,1771290949506969380,"33,41539",-3.4,"48,1365089","44,5079384","47,466671"
cutting_D,1771290949606970798,"33,5076904",-3.5,"48,1174583","44,3365097","47,3841286"
cutting_D,1771290949706970636,"33,5076904",-3.9,"48,2571411","44,7841301","48,0825386"
cutting_D,1771290949806971913,"33,41539",-3.9,"48,3555603","44,3460312","47,5460281"
cutting_D,1771290949906973042,"33,2307701",-4.2,"48,0317497","44,6920586","47,6317482"
cutting_D,1771290950006970462,"33,1384583",-3.5,"48,1492119","44,4222183","47,4222183"
cutting_D,1771290950106975892,"32,9692307",-3.4,"48,0698395","44,530159","47,7777786"
cutting_D,1771290950206975735,"32,6153793",-3.5,"48,3428612","44,3174591","47,3619003"
cutting_D,1771290950306976481,"32,5230789",-3.9,"48,4158707","44,466671","47,8571396"
cutting_D,1771290950406977675,"32,338459",-4.0,"48,1809502","44,8793602","47,9111099"
cutting_D,1771290950506978801,"32,4307709",-3.4,"48,1015892","44,3968315","47,6222191"
cutting_D,1771290950606981821,"32,338459",-3.4,"48,2571411","44,5872993","47,8507996"
cutting_D,1771290950706980469,"32,6153793",-3.5,"48,228569","44,4793701","47,466671"
cutting_D,1771290950806981166,"32,6153793",-3.7,"48,3238106","44,4127007","47,7238083"
cutting_D,1771290950906982401,"32,5230789",-4.5,"48,00317","44,8857193","47,5872993"
cutting_D,1771290951006983443,"32,246151",-3.7,"48,1523819","44,3111115","47,5111084"
cutting_D,1771290951106985596,"32,1692314",-3.6,"48,0952415","44,3809509","47,7619095"
cutting_D,1771290951206985296,"31,8923092",-3.5,"47,8634911","44,6634903","47,1079407"
cutting_D,1771290951306985798,"31,7230797",-3.7,"48,3079414","44,5714302","47,2857094"
cutting_D,1771290951406987340,"31,4461498",-4.1,"47,5047607","45,2190514","47,9460297"
cutting_D,1771290951506987617,"31,3538494",-3.9,"47,9936485","44,6285706","47,6539688"
cutting_D,1771290951606989786,"31,3538494",-3.9,"48,2507896","44,3809509","47,6698418"
cutting_D,1771290951706989600,"31,5384598",-3.6,"47,9142914","44,6063499","47,5746002"
cutting_D,1771290951806990761,"31,6307697",-3.4,"48,161911","44,2126999","47,4825401"
cutting_D,1771290951906991958,"31,6307697",-4.1,"48,079361","44,4793701","47,5396805"
cutting_D,1771290952006992497,"31,2769203",-3.8,"48,3809509","44,2031708","47,2063484"
cutting_D,1771290952106994682,31,-3.9,"48,3396797","44,8730202","47,8730202"
cutting_D,1771290952206994384,31,-3.6,"48,3333397","44,8857193","47,831749"
cutting_D,1771290952306991590,"30,7384605",-3.4,"48,3428612","44,5587311","47,6444397"
cutting_D,1771290952406996519,"30,5538502",-3.6,"48,2222214","44,466671","47,6476212"
cutting_D,1771290952506997464,"30,3692303",-3.8,"48,2920609","44,6380997","47,5523796"
cutting_D,1771290952606999917,"30,2923107",-3.7,"48,4920692","44,5174599","47,6698418"
cutting_D,1771290952706998898,"30,3692303",-4.0,"48,2634888","44,6920586","47,8888893"
cutting_D,1771290952806999636,"30,4615402",-3.5,"48,165081","44,7206306","47,8539696"
cutting_D,1771290952907000747,"30,3692303",-3.7,"48,1809502","44,2761917","47,6444397"
cutting_D,1771290953007001795,"30,1076908",-3.7,"48,0888901","44,5396805","47,6190491"
cutting_D,1771290953107006377,"29,8461494",-3.3,"48,2000008","44,4793701","47,3555603"
cutting_D,1771290953207003187,"29,7538509",-3.9,"48,4063492","44,5904808","47,774601"
cutting_D,1771290953307004338,"29,6615391",-3.7,"48,2158699","44,6888885","47,7365112"
cutting_D,1771290953407005310,"29,4769192",-3.6,"48,2380905","44,4793701","47,6761894"
cutting_D,1771290953507005945,"29,2153893",-3.8,"48,1015892","44,3809509","47,69841"
cutting_D,1771290953607007193,"29,2153893",-3.1,"48,4380989","45,0126991","48,2952385"
cutting_D,1771290953707007834,"29,1230793",-3.8,"48,5079384","44,5650787","47,7619095"
cutting_D,1771290953807008668,"29,0307693",-4.0,"48,4349213","44,9492111","47,5174599"
cutting_D,1771290953907009860,"28,8615398",-3.9,"48,8190498","44,9015884","47,9650803"
cutting_D,1771290954007010541,"28,5846195",-3.7,"48,1269798","44,3682594","47,5968208"
cutting_D,1771290954107012077,"28,4923096",-3.0,"48,00317","44,3745995","47,30476"
cutting_D,1771290954207012532,"28,2307701",-3.5,"47,9682503","44,3745995","47,4984093"
cutting_D,1771290954307013718,"28,0461502",-3.8,"48,2095299","44,3619003","47,4539719"
cutting_D,1771290954407015116,"27,8769207",-4.3,"48,1873016","44,526989","47,7079391"
cutting_D,1771290954507011863,"27,5230808",-3.5,"48,0920601","44,834919","47,8571396"
cutting_D,1771290954607016440,"27,3384609",-3.1,"47,9841309","44,3333282","47,4857101"
cutting_D,1771290954707017168,"27,1538506",-3.3,"48,0761909","44,4507904","47,4539719"
cutting_D,1771290954807017912,"26,9846191",-3.7,"48,139679","44,3745995","47,6063499"
cutting_D,1771290954907019364,"26,8923092",-3.9,"48,1904793","44,3809509","47,4952393"
cutting_D,1771290955007020896,"26,7076893",-3.9,"48,1714287","44,5142899","47,6317482"
cutting_D,1771290955107021216,"26,7999992",-3.3,"48,2857094","44,5872993","47,5079384"
cutting_D,1771290955207021831,"26,7999992",-3.5,"48,1079407","44,3333282","47,533329"
cutting_D,1771290955307022586,"26,7999992",-3.5,"47,9746094","44,3111115","47,3206406"
cutting_D,1771290955407023608,"26,7076893",-3.7,"48,1492119","44,5079384","47,5206299"
cutting_D,1771290955507025106,"26,7076893",-3.7,"48,3523788","44,6507912","47,7619095"
cutting_D,1771290955607027636,"26,7076893",-3.7,"48,3365097","44,6380997","47,5396805"
cutting_D,1771290955707029684,"26,7076893",-3.6,"48,2222214","44,4444504","47,526989"
cutting_D,1771290955807029945,"26,7999992",-3.4,"48,0666695","44,4031792","47,5460281"
cutting_D,1771290955907030606,"26,7076893",-3.6,"47,9873009","44,4317513","47,5777817"
cutting_D,1771290956007032946,"26,7999992",-3.9,"48,4190483","44,2507896","47,8666687"
cutting_D,1771290956107034776,"26,7999992",-3.8,"48,1428604","44,5015907","47,5079384"
cutting_D,1771290956207033492,"26,7999992",-3.7,"48,3587303","44,4952393","47,4761887"
cutting_D,1771290956307034516,"26,7076893",-3.5,"48,5841293","44,6666718","47,5492096"
cutting_D,1771290956407034503,"26,7076893",-3.4,"47,9587288","44,4380989","47,3872986"
cutting_D,1771290956507035607,"26,7999992",-3.6,"48,1142807","44,3587303","47,4285698"
cutting_D,1771290956607037733,"26,7999992",-3.6,"48,2952385","44,4825401","47,5460281"
cutting_D,1771290956707037385,"26,7999992",-3.8,"48,3365097","44,7428589","47,6666718"
cutting_D,1771290956807038594,"26,7999992",-3.9,"48,3714294","44,6571388","47,5904808"
cutting_D,1771290956907040650,"26,7999992",-3.9,"48,1936493","44,6571388","47,5968208"
cutting_D,1771290957007042963,"26,7999992",-3.5,"48,2476196","44,6285706","47,774601"
cutting_D,1771290957107039872,"26,7999992",-3.5,"48,0730209","44,4603195","47,7809486"
cutting_D,1771290957207042248,"26,6307697",-3.7,"48,1809502","44,5460281","47,69841"
cutting_D,1771290957307041174,"26,6307697",-4.6,"48,2349205","44,5047607","47,4000015"
cutting_D,1771290957407042460,"26,6307697",-3.9,"48,3587303","44,6380997","47,6349182"
cutting_D,1771290957507045892,"26,7076893",-3.6,"48,1365089","44,4158707","47,69524"
cutting_D,1771290957607044896,"26,7999992",-3.5,"47,8158684","44,3460312","47,6349182"
cutting_D,1771290957707045500,"26,7999992",-3.7,"48,0984116","44,4888916","47,5365105"
cutting_D,1771290957807047636,"26,7999992",-4.4,"48,0888901","44,4222183","47,6539688"
cutting_D,1771290957907047194,"26,8923092",-4.6,"48,2222214","44,4984093","47,5523796"
cutting_D,1771290958007050132,"26,8923092",-3.8,"48,1174583","44,3523788","47,5650787"
cutting_D,1771290958107051255,"26,7999992",-3.6,"48,0857201","44,3968315","47,5460281"
cutting_D,1771290958207052219,"26,8923092",-3.6,"48,1015892","44,3968315","47,5111084"
cutting_D,1771290958307051999,"26,7999992",-4.4,"48,1968307","44,4444504","47,473011"
cutting_D,1771290958407053815,"26,7999992",-4.4,"48,2380905","44,5206299","47,4476204"
cutting_D,1771290958507053135,"26,8923092",-4.0,"48,3936501","44,6190491","47,6571388"
cutting_D,1771290958607053958,"26,8923092",-3.9,"48,1745987","44,6507912","47,5650787"
cutting_D,1771290958707054750,"26,7999992",-3.8,"48,0412712","44,4571419","47,4825401"
cutting_D,1771290958807055171,"26,7076893",-4.6,"48,1301613","44,3682594","47,473011"
cutting_D,1771290958907057296,"26,8923092",-4.4,"48,2000008","44,5015907","47,8095207"
cutting_D,1771290959007058295,"26,7999992",-4.0,"48,3428612","44,6063499","47,6603203"
cutting_D,1771290959107058003,"26,7999992",-4.3,"48,3301582","44,7079391","47,8539696"
cutting_D,1771290959207058835,"26,7076893",-4.2,"48,1873016","44,4793701","47,7269897"
